card_number,customer_id,card_type,card_limit,outstanding_amount,status,issued_date,expiry_date
,CUST98106,Visa Gold,47910.41,926.3,Active,2025-01-15,2030-01-15
,CUST98470,Mastercard Standard,35796.9,2717.94,Active,2025-01-15,2030-01-15
,CUST98686,Visa Gold,48224.09,7742.97,Active,2025-01-15,2030-01-15
,CUST98185,Visa Platinum,19267.42,1608.16,Active,2025-01-15,2030-01-15
,CUST98318,Visa Platinum,12806.34,1888.79,Active,2025-01-15,2030-01-15
CARD98006,CUST98457,Mastercard Standard,27823.44,928.23,Active,2025-01-15,2030-01-15
CARD98007,CUST98432,Mastercard Standard,35769.99,8968.41,Active,2025-01-15,2030-01-15
CARD98008,CUST98913,Mastercard Standard,28080.07,4592.89,Active,2025-01-15,2030-01-15
CARD98009,CUST98646,Mastercard Standard,23025.49,735.26,Active,2025-01-15,2030-01-15
CARD98010,CUST98144,Mastercard Standard,21634.15,2793.38,Active,2025-01-15,2030-01-15
CARD98011,CUST98520,Amex Elite,26280.12,286.18,Active,2025-01-15,2030-01-15
CARD98011,CUST98208,Amex Elite,21895.24,4799.82,Active,2025-01-15,2030-01-15
CARD98011,CUST98125,Visa Gold,35072.36,1147.85,Active,2025-01-15,2030-01-15
CARD98011,CUST98904,Visa Gold,8581.7,212.2,Active,2025-01-15,2030-01-15
CARD981001,CUST98828,Visa Platinum,8274.13,8545.93,Active,2025-01-15,2030-01-15
CARD981002,CUST98477,Mastercard Standard,31221.16,87.07,Active,2025-01-15,2030-01-15
CARD98017,CUST98539,Mastercard Standard,invalid_value,5278.74,Active,2025-01-15,2030-01-15
CARD98018,CUST98934,Visa Platinum,invalid_value,5278.74,Active,2025-01-15,2030-01-15
CARD98019,CUST98338,Visa Platinum,invalid_value,5278.74,Active,2025-01-15,2030-01-15
CARD98020,CUST98862,Visa Gold,invalid_value,5278.74,Active,2025-01-15,2030-01-15
CARD98021,CUST98920,Amex Elite,23903.06,5278.74,Active,2025-01-15,2030-01-15
CARD98022,CUST98179,Visa Platinum,7070.09,5278.74,Active,2025-01-15,2030-01-15
CARD98023,CUST98627,Visa Gold,18889.52,3577.73,Active,2025-01-15,2030-01-15
CARD98024,CUST98817,Visa Platinum,16155.76,2840.82,Active,2025-01-15,2030-01-15
CARD98025,CUST98493,Mastercard Standard,26184.44,4631.88,Active,2025-01-15,2030-01-15
CARD98026,CUST98658,Mastercard Standard,29489.29,3976.1,Active,2025-01-15,2030-01-15
CARD98027,CUST98474,Amex Elite,21850.36,2021.12,Active,2025-01-15,2030-01-15
CARD98028,CUST98191,Visa Gold,19024.76,745.39,Active,2025-01-15,2030-01-15
CARD98029,CUST98620,Amex Elite,41041.9,6609.09,Active,2025-01-15,2030-01-15
CARD98030,CUST98336,Visa Gold,26074.45,1376.42,Active,2025-01-15,2030-01-15
CARD98031,CUST98701,Visa Platinum,24013.49,5538.9,Active,2025-01-15,2030-01-15
CARD98032,CUST98244,Amex Elite,6884.28,3916.3,Active,2025-01-15,2030-01-15
CARD98033,CUST98031,Mastercard Standard,1674.28,5260.65,Active,2025-01-15,2030-01-15
CARD98034,CUST98387,Amex Elite,46882.18,5674.61,Active,2025-01-15,2030-01-15
CARD98035,CUST98620,Visa Gold,48223.51,795.7,Active,2025-01-15,2030-01-15
CARD98036,CUST98925,Mastercard Standard,10695.25,1884.6,Active,2025-01-15,2030-01-15
CARD98037,CUST98563,Visa Platinum,35628.9,681.4,Active,2025-01-15,2030-01-15
CARD98038,CUST98735,Mastercard Standard,22567.47,8353.23,Active,2025-01-15,2030-01-15
CARD98039,CUST98334,Mastercard Standard,48428.38,349.57,Active,2025-01-15,2030-01-15
CARD98040,CUST98608,Visa Platinum,13470.69,3616.64,Active,2025-01-15,2030-01-15
CARD98041,CUST98127,Mastercard Standard,5097.26,6165.78,Active,2025-01-15,2030-01-15
CARD98042,CUST98545,Visa Platinum,33436.94,1115.45,Active,2025-01-15,2030-01-15
CARD98043,CUST98082,Visa Platinum,49317.02,6100.66,Active,2025-01-15,2030-01-15
CARD98044,CUST98589,Visa Platinum,34189.52,7757.26,Active,2025-01-15,2030-01-15
CARD98045,CUST98087,Mastercard Standard,36744.06,1286.25,Active,2025-01-15,2030-01-15
CARD98046,CUST98277,Mastercard Standard,49231.4,773.19,Active,2025-01-15,2030-01-15
CARD98047,CUST98170,Visa Platinum,14636.17,9762.28,Active,2025-01-15,2030-01-15
CARD98048,CUST98891,Visa Platinum,34645.92,8743.27,Active,2025-01-15,2030-01-15
CARD98049,CUST98517,Visa Gold,48028.31,2433.82,Active,2025-01-15,2030-01-15
CARD98050,CUST98128,Visa Gold,12728.0,2525.95,Active,2025-01-15,2030-01-15
CARD98051,CUST98448,Amex Elite,29711.44,492.84,Active,2025-01-15,2030-01-15
CARD98052,CUST98786,Mastercard Standard,14767.92,574.07,Active,2025-01-15,2030-01-15
CARD98053,CUST98794,Mastercard Standard,17433.28,6869.92,Active,2025-01-15,2030-01-15
CARD98054,CUST98615,Visa Platinum,10308.33,705.14,Active,2025-01-15,2030-01-15
CARD98055,CUST98892,Amex Elite,13913.18,5746.92,Active,2025-01-15,2030-01-15
CARD98056,CUST98712,Visa Gold,37496.34,2209.21,Active,2025-01-15,2030-01-15
CARD98057,CUST98058,Mastercard Standard,12435.55,4710.66,Active,2025-01-15,2030-01-15
CARD98058,CUST98472,Visa Platinum,14973.64,4829.62,Active,2025-01-15,2030-01-15
CARD98059,CUST98658,Amex Elite,9419.39,9581.79,Active,2025-01-15,2030-01-15
CARD98060,CUST98567,Mastercard Standard,21812.06,2653.25,Active,2025-01-15,2030-01-15
CARD98061,CUST98535,Visa Platinum,36928.91,5391.04,Active,2025-01-15,2030-01-15
CARD98062,CUST98702,Visa Gold,16391.2,5656.47,Active,2025-01-15,2030-01-15
CARD98063,CUST98867,Visa Platinum,43183.53,5271.33,Active,2025-01-15,2030-01-15
CARD98064,CUST98118,Visa Platinum,32364.2,1884.14,Active,2025-01-15,2030-01-15
CARD98065,CUST98687,Visa Platinum,30181.64,9796.23,Active,2025-01-15,2030-01-15
CARD98066,CUST98953,Visa Platinum,2982.46,7856.47,Active,2025-01-15,2030-01-15
CARD98067,CUST98070,Visa Platinum,25131.53,5388.67,Active,2025-01-15,2030-01-15
CARD98068,CUST98032,Visa Platinum,40684.55,2090.03,Active,2025-01-15,2030-01-15
CARD98069,CUST98352,Amex Elite,20237.42,9337.36,Active,2025-01-15,2030-01-15
CARD98070,CUST98816,Visa Gold,44955.85,5270.72,Active,2025-01-15,2030-01-15
CARD98071,CUST98515,Visa Platinum,30903.0,9981.97,Active,2025-01-15,2030-01-15
CARD98072,CUST98129,Visa Platinum,40962.91,6386.68,Active,2025-01-15,2030-01-15
CARD98073,CUST98653,Mastercard Standard,3903.95,3501.89,Active,2025-01-15,2030-01-15
CARD98074,CUST98428,Visa Gold,17873.67,8878.83,Active,2025-01-15,2030-01-15
CARD98075,CUST98833,Visa Gold,7769.28,3705.73,Active,2025-01-15,2030-01-15
CARD98076,CUST98982,Amex Elite,24439.96,8973.33,Active,2025-01-15,2030-01-15
CARD98077,CUST98121,Visa Platinum,24352.11,9365.47,Active,2025-01-15,2030-01-15
CARD98078,CUST98200,Mastercard Standard,30647.1,793.63,Active,2025-01-15,2030-01-15
CARD98079,CUST98557,Amex Elite,21798.91,6035.25,Active,2025-01-15,2030-01-15
CARD98080,CUST98581,Mastercard Standard,11308.56,9441.92,Active,2025-01-15,2030-01-15
CARD98081,CUST98037,Mastercard Standard,7908.46,1190.66,Active,2025-01-15,2030-01-15
CARD98082,CUST98021,Mastercard Standard,33477.8,3345.87,Active,2025-01-15,2030-01-15
CARD98083,CUST98830,Visa Gold,18109.47,5177.01,Active,2025-01-15,2030-01-15
CARD98084,CUST98360,Mastercard Standard,47225.68,2630.29,Active,2025-01-15,2030-01-15
CARD98085,CUST98649,Amex Elite,26439.88,6817.41,Active,2025-01-15,2030-01-15
CARD98086,CUST98215,Amex Elite,26469.38,7261.61,Active,2025-01-15,2030-01-15
CARD98087,CUST98905,Mastercard Standard,41217.92,1362.18,Active,2025-01-15,2030-01-15
CARD98088,CUST98853,Mastercard Standard,33516.22,7276.71,Active,2025-01-15,2030-01-15
CARD98089,CUST98662,Mastercard Standard,43740.77,284.6,Active,2025-01-15,2030-01-15
CARD98090,CUST98909,Mastercard Standard,28097.23,7618.77,Active,2025-01-15,2030-01-15
CARD98091,CUST98493,Amex Elite,29268.03,6533.77,Active,2025-01-15,2030-01-15
CARD98092,CUST98096,Visa Platinum,19831.68,159.01,Active,2025-01-15,2030-01-15
CARD98093,CUST98689,Mastercard Standard,1309.52,6464.72,Active,2025-01-15,2030-01-15
CARD98094,CUST98306,Visa Platinum,10111.33,5499.46,Active,2025-01-15,2030-01-15
CARD98095,CUST98547,Visa Gold,15614.27,4737.57,Active,2025-01-15,2030-01-15
CARD98096,CUST98949,Amex Elite,47453.56,2216.16,Active,2025-01-15,2030-01-15
CARD98097,CUST98240,Amex Elite,45505.89,8498.09,Active,2025-01-15,2030-01-15
CARD98098,CUST98993,Visa Platinum,35851.32,615.61,Active,2025-01-15,2030-01-15
CARD98099,CUST98212,Mastercard Standard,21003.41,4311.08,Active,2025-01-15,2030-01-15
CARD98100,CUST98425,Visa Platinum,27165.86,4649.58,Active,2025-01-15,2030-01-15
CARD98101,CUST98351,Visa Platinum,49190.17,8099.36,Active,2025-01-15,2030-01-15
CARD98102,CUST98980,Mastercard Standard,6162.52,8537.3,Active,2025-01-15,2030-01-15
CARD98103,CUST98092,Amex Elite,40774.46,2253.45,Active,2025-01-15,2030-01-15
CARD98104,CUST98701,Mastercard Standard,5318.5,2015.98,Active,2025-01-15,2030-01-15
CARD98105,CUST98705,Visa Gold,19073.06,6271.24,Active,2025-01-15,2030-01-15
CARD98106,CUST98180,Visa Gold,22533.22,2414.57,Active,2025-01-15,2030-01-15
CARD98107,CUST98835,Visa Gold,12669.78,7396.94,Active,2025-01-15,2030-01-15
CARD98108,CUST98637,Visa Platinum,17999.52,8487.96,Active,2025-01-15,2030-01-15
CARD98109,CUST98025,Visa Gold,2371.01,8350.79,Active,2025-01-15,2030-01-15
CARD98110,CUST98227,Amex Elite,30214.16,5171.06,Active,2025-01-15,2030-01-15
CARD98111,CUST98912,Amex Elite,39289.44,9393.55,Active,2025-01-15,2030-01-15
CARD98112,CUST98495,Visa Platinum,37042.81,9439.28,Active,2025-01-15,2030-01-15
CARD98113,CUST98121,Visa Platinum,14322.32,5170.99,Active,2025-01-15,2030-01-15
CARD98114,CUST98130,Visa Platinum,12522.49,5419.9,Active,2025-01-15,2030-01-15
CARD98115,CUST98729,Visa Platinum,26780.39,575.77,Active,2025-01-15,2030-01-15
CARD98116,CUST98137,Visa Gold,34289.1,7357.2,Active,2025-01-15,2030-01-15
CARD98117,CUST98487,Visa Platinum,10210.33,4766.2,Active,2025-01-15,2030-01-15
CARD98118,CUST98452,Amex Elite,17304.21,6984.5,Active,2025-01-15,2030-01-15
CARD98119,CUST98010,Amex Elite,17298.93,1757.45,Active,2025-01-15,2030-01-15
CARD98120,CUST98032,Amex Elite,26886.27,8565.22,Active,2025-01-15,2030-01-15
CARD98121,CUST98895,Amex Elite,14239.07,6895.63,Active,2025-01-15,2030-01-15
CARD98122,CUST98344,Mastercard Standard,33326.23,4998.79,Active,2025-01-15,2030-01-15
CARD98123,CUST98308,Amex Elite,45963.58,6491.3,Active,2025-01-15,2030-01-15
CARD98124,CUST98401,Visa Platinum,16456.15,2050.06,Active,2025-01-15,2030-01-15
CARD98125,CUST98612,Mastercard Standard,46302.67,3413.99,Active,2025-01-15,2030-01-15
CARD98126,CUST98713,Mastercard Standard,17210.64,5848.91,Active,2025-01-15,2030-01-15
CARD98127,CUST98782,Mastercard Standard,46225.58,8942.15,Active,2025-01-15,2030-01-15
CARD98128,CUST98483,Visa Platinum,35365.84,9859.43,Active,2025-01-15,2030-01-15
CARD98129,CUST98054,Visa Platinum,13318.45,7671.02,Active,2025-01-15,2030-01-15
CARD98130,CUST98842,Mastercard Standard,16894.92,7966.18,Active,2025-01-15,2030-01-15
CARD98131,CUST98742,Visa Gold,4539.0,8680.73,Active,2025-01-15,2030-01-15
CARD98132,CUST98897,Visa Gold,10918.92,6597.32,Active,2025-01-15,2030-01-15
CARD98133,CUST98623,Amex Elite,15311.1,7877.92,Active,2025-01-15,2030-01-15
CARD98134,CUST98176,Visa Platinum,13505.41,5229.87,Active,2025-01-15,2030-01-15
CARD98135,CUST98806,Visa Gold,45244.19,3311.34,Active,2025-01-15,2030-01-15
CARD98136,CUST98991,Visa Gold,37795.54,2001.02,Active,2025-01-15,2030-01-15
CARD98137,CUST98440,Visa Platinum,47241.71,5120.51,Active,2025-01-15,2030-01-15
CARD98138,CUST98406,Visa Platinum,14856.61,7903.29,Active,2025-01-15,2030-01-15
CARD98139,CUST98285,Visa Platinum,7147.34,8939.07,Active,2025-01-15,2030-01-15
CARD98140,CUST98455,Amex Elite,5486.35,2987.4,Active,2025-01-15,2030-01-15
CARD98141,CUST98656,Visa Platinum,45774.03,5880.72,Active,2025-01-15,2030-01-15
CARD98142,CUST98279,Visa Gold,13004.37,8035.43,Active,2025-01-15,2030-01-15
CARD98143,CUST98976,Visa Platinum,9473.05,651.23,Active,2025-01-15,2030-01-15
CARD98144,CUST98809,Mastercard Standard,6039.7,7058.86,Active,2025-01-15,2030-01-15
CARD98145,CUST98996,Visa Platinum,26242.48,675.61,Active,2025-01-15,2030-01-15
CARD98146,CUST98620,Mastercard Standard,30665.28,8665.94,Active,2025-01-15,2030-01-15
CARD98147,CUST98710,Mastercard Standard,26370.21,4436.28,Active,2025-01-15,2030-01-15
CARD98148,CUST98371,Visa Platinum,15217.0,3379.68,Active,2025-01-15,2030-01-15
CARD98149,CUST98831,Visa Gold,28306.54,5066.17,Active,2025-01-15,2030-01-15
CARD98150,CUST98543,Visa Platinum,29796.17,3183.2,Active,2025-01-15,2030-01-15
CARD98151,CUST98954,Visa Gold,6094.42,7027.85,Active,2025-01-15,2030-01-15
CARD98152,CUST98142,Visa Platinum,46583.33,2870.6,Active,2025-01-15,2030-01-15
CARD98153,CUST98089,Mastercard Standard,33453.0,7555.39,Active,2025-01-15,2030-01-15
CARD98154,CUST98360,Mastercard Standard,28147.65,3313.24,Active,2025-01-15,2030-01-15
CARD98155,CUST98055,Visa Platinum,24535.84,8789.59,Active,2025-01-15,2030-01-15
CARD98156,CUST98251,Amex Elite,5292.21,9846.41,Active,2025-01-15,2030-01-15
CARD98157,CUST98715,Visa Gold,38346.88,4294.66,Active,2025-01-15,2030-01-15
CARD98158,CUST98047,Amex Elite,46457.72,5565.57,Active,2025-01-15,2030-01-15
CARD98159,CUST98313,Visa Gold,38406.89,1788.18,Active,2025-01-15,2030-01-15
CARD98160,CUST98879,Mastercard Standard,6216.55,5302.4,Active,2025-01-15,2030-01-15
CARD98161,CUST98357,Mastercard Standard,10220.37,6059.92,Active,2025-01-15,2030-01-15
CARD98162,CUST981000,Visa Platinum,48589.52,9528.75,Active,2025-01-15,2030-01-15
CARD98163,CUST98957,Visa Gold,3328.23,7944.74,Active,2025-01-15,2030-01-15
CARD98164,CUST98419,Amex Elite,27457.32,8987.42,Active,2025-01-15,2030-01-15
CARD98165,CUST98699,Visa Platinum,15334.57,9017.85,Active,2025-01-15,2030-01-15
CARD98166,CUST98464,Visa Gold,42061.53,8119.99,Active,2025-01-15,2030-01-15
CARD98167,CUST98535,Visa Gold,19310.65,5147.89,Active,2025-01-15,2030-01-15
CARD98168,CUST98973,Visa Gold,46917.84,3484.86,Active,2025-01-15,2030-01-15
CARD98169,CUST98119,Visa Platinum,16480.97,6245.0,Active,2025-01-15,2030-01-15
CARD98170,CUST98153,Visa Platinum,42646.79,1845.03,Active,2025-01-15,2030-01-15
CARD98171,CUST98944,Visa Gold,12212.14,829.41,Active,2025-01-15,2030-01-15
CARD98172,CUST98984,Amex Elite,34788.58,536.04,Active,2025-01-15,2030-01-15
CARD98173,CUST98111,Visa Gold,11900.02,4223.75,Active,2025-01-15,2030-01-15
CARD98174,CUST98729,Amex Elite,47749.87,7611.58,Active,2025-01-15,2030-01-15
CARD98175,CUST98562,Visa Gold,6340.63,1530.31,Active,2025-01-15,2030-01-15
CARD98176,CUST98405,Visa Platinum,9178.55,6466.63,Active,2025-01-15,2030-01-15
CARD98177,CUST98064,Amex Elite,4789.9,4679.16,Active,2025-01-15,2030-01-15
CARD98178,CUST98977,Visa Gold,18247.56,1483.28,Active,2025-01-15,2030-01-15
CARD98179,CUST98697,Amex Elite,41617.66,731.16,Active,2025-01-15,2030-01-15
CARD98180,CUST98468,Visa Platinum,42849.19,3817.43,Active,2025-01-15,2030-01-15
CARD98181,CUST98082,Visa Platinum,18335.23,6275.55,Active,2025-01-15,2030-01-15
CARD98182,CUST98501,Visa Gold,1669.43,5391.08,Active,2025-01-15,2030-01-15
CARD98183,CUST98071,Visa Gold,11311.5,6070.56,Active,2025-01-15,2030-01-15
CARD98184,CUST98943,Amex Elite,29220.97,8979.39,Active,2025-01-15,2030-01-15
CARD98185,CUST98834,Visa Gold,26449.43,354.82,Active,2025-01-15,2030-01-15
CARD98186,CUST98658,Mastercard Standard,10122.42,2684.38,Active,2025-01-15,2030-01-15
CARD98187,CUST98979,Visa Gold,14436.21,1994.27,Active,2025-01-15,2030-01-15
CARD98188,CUST98121,Mastercard Standard,7036.11,7677.2,Active,2025-01-15,2030-01-15
CARD98189,CUST98448,Amex Elite,38806.51,6834.11,Active,2025-01-15,2030-01-15
CARD98190,CUST98843,Visa Platinum,20266.02,5967.72,Active,2025-01-15,2030-01-15
CARD98191,CUST98424,Visa Platinum,41701.19,8768.63,Active,2025-01-15,2030-01-15
CARD98192,CUST98922,Amex Elite,15408.84,6842.38,Active,2025-01-15,2030-01-15
CARD98193,CUST98479,Mastercard Standard,36033.97,7082.48,Active,2025-01-15,2030-01-15
CARD98194,CUST98998,Visa Platinum,3380.5,1382.41,Active,2025-01-15,2030-01-15
CARD98195,CUST98800,Mastercard Standard,16376.29,9803.8,Active,2025-01-15,2030-01-15
CARD98196,CUST98448,Amex Elite,10392.46,7505.7,Active,2025-01-15,2030-01-15
CARD98197,CUST98924,Mastercard Standard,21446.47,1536.16,Active,2025-01-15,2030-01-15
CARD98198,CUST98956,Mastercard Standard,26890.91,6677.16,Active,2025-01-15,2030-01-15
CARD98199,CUST98835,Amex Elite,49851.63,2561.97,Active,2025-01-15,2030-01-15
CARD98200,CUST98938,Mastercard Standard,2558.89,8906.93,Active,2025-01-15,2030-01-15
CARD98201,CUST98445,Mastercard Standard,10607.3,4216.97,Active,2025-01-15,2030-01-15
CARD98202,CUST98528,Visa Platinum,5843.7,851.97,Active,2025-01-15,2030-01-15
CARD98203,CUST98942,Visa Gold,9831.6,5540.84,Active,2025-01-15,2030-01-15
CARD98204,CUST98392,Amex Elite,44970.99,6343.01,Active,2025-01-15,2030-01-15
CARD98205,CUST98959,Visa Gold,24403.98,2447.4,Active,2025-01-15,2030-01-15
CARD98206,CUST98204,Amex Elite,27609.6,9635.05,Active,2025-01-15,2030-01-15
CARD98207,CUST98273,Visa Gold,22309.16,4965.47,Active,2025-01-15,2030-01-15
CARD98208,CUST98676,Amex Elite,31865.06,9997.93,Active,2025-01-15,2030-01-15
CARD98209,CUST98743,Amex Elite,23650.41,4166.65,Active,2025-01-15,2030-01-15
CARD98210,CUST98123,Mastercard Standard,48028.65,2933.29,Active,2025-01-15,2030-01-15
CARD98211,CUST98964,Mastercard Standard,42947.99,9812.23,Active,2025-01-15,2030-01-15
CARD98212,CUST98125,Mastercard Standard,17640.83,3245.43,Active,2025-01-15,2030-01-15
CARD98213,CUST98069,Amex Elite,33832.71,1246.11,Active,2025-01-15,2030-01-15
CARD98214,CUST98114,Visa Gold,38365.02,1824.94,Active,2025-01-15,2030-01-15
CARD98215,CUST98868,Visa Gold,45246.99,6044.46,Active,2025-01-15,2030-01-15
CARD98216,CUST98087,Mastercard Standard,6054.31,3795.51,Active,2025-01-15,2030-01-15
CARD98217,CUST98318,Visa Gold,15674.87,1422.14,Active,2025-01-15,2030-01-15
CARD98218,CUST98248,Visa Platinum,33487.89,1556.66,Active,2025-01-15,2030-01-15
CARD98219,CUST98527,Visa Platinum,24970.01,314.72,Active,2025-01-15,2030-01-15
CARD98220,CUST98122,Visa Gold,8014.14,4074.03,Active,2025-01-15,2030-01-15
CARD98221,CUST98956,Visa Gold,3276.25,2554.51,Active,2025-01-15,2030-01-15
CARD98222,CUST98337,Mastercard Standard,26968.33,2753.78,Active,2025-01-15,2030-01-15
CARD98223,CUST98472,Mastercard Standard,34028.69,7376.41,Active,2025-01-15,2030-01-15
CARD98224,CUST98512,Mastercard Standard,23212.95,6066.72,Active,2025-01-15,2030-01-15
CARD98225,CUST98800,Visa Platinum,25122.29,4.31,Active,2025-01-15,2030-01-15
CARD98226,CUST98857,Mastercard Standard,22375.55,2165.76,Active,2025-01-15,2030-01-15
CARD98227,CUST98175,Amex Elite,31930.88,4402.67,Active,2025-01-15,2030-01-15
CARD98228,CUST98357,Visa Platinum,46481.27,3284.88,Active,2025-01-15,2030-01-15
CARD98229,CUST98140,Visa Platinum,42906.21,5777.04,Active,2025-01-15,2030-01-15
CARD98230,CUST98679,Amex Elite,5370.71,1091.98,Active,2025-01-15,2030-01-15
CARD98231,CUST98240,Visa Gold,21206.14,6767.73,Active,2025-01-15,2030-01-15
CARD98232,CUST98712,Mastercard Standard,29261.55,9999.61,Active,2025-01-15,2030-01-15
CARD98233,CUST98926,Amex Elite,19533.58,3279.49,Active,2025-01-15,2030-01-15
CARD98234,CUST98171,Amex Elite,25126.05,1469.99,Active,2025-01-15,2030-01-15
CARD98235,CUST98055,Visa Gold,46252.79,7321.73,Active,2025-01-15,2030-01-15
CARD98236,CUST98990,Mastercard Standard,48585.31,1182.64,Active,2025-01-15,2030-01-15
CARD98237,CUST98764,Visa Platinum,43350.79,857.12,Active,2025-01-15,2030-01-15
CARD98238,CUST98825,Mastercard Standard,11743.93,1856.66,Active,2025-01-15,2030-01-15
CARD98239,CUST98256,Visa Gold,41546.28,2436.1,Active,2025-01-15,2030-01-15
CARD98240,CUST98085,Visa Gold,13075.21,6398.48,Active,2025-01-15,2030-01-15
CARD98241,CUST98707,Visa Gold,22150.46,6691.31,Active,2025-01-15,2030-01-15
CARD98242,CUST98696,Amex Elite,25775.06,6966.15,Active,2025-01-15,2030-01-15
CARD98243,CUST98221,Amex Elite,42878.78,8027.98,Active,2025-01-15,2030-01-15
CARD98244,CUST98494,Visa Platinum,49755.47,8020.75,Active,2025-01-15,2030-01-15
CARD98245,CUST98051,Mastercard Standard,38847.44,7593.91,Active,2025-01-15,2030-01-15
CARD98246,CUST98431,Mastercard Standard,12164.62,3627.12,Active,2025-01-15,2030-01-15
CARD98247,CUST98701,Amex Elite,34855.42,8002.73,Active,2025-01-15,2030-01-15
CARD98248,CUST98868,Mastercard Standard,4782.06,4176.79,Active,2025-01-15,2030-01-15
CARD98249,CUST98220,Visa Gold,13243.31,7186.62,Active,2025-01-15,2030-01-15
CARD98250,CUST98286,Mastercard Standard,14536.17,2878.73,Active,2025-01-15,2030-01-15
CARD98251,CUST98426,Visa Platinum,34635.47,2077.6,Active,2025-01-15,2030-01-15
CARD98252,CUST98101,Visa Platinum,45990.6,9994.8,Active,2025-01-15,2030-01-15
CARD98253,CUST98047,Visa Platinum,10972.12,6690.68,Active,2025-01-15,2030-01-15
CARD98254,CUST98664,Amex Elite,13302.18,6890.38,Active,2025-01-15,2030-01-15
CARD98255,CUST98328,Visa Gold,1359.01,7082.29,Active,2025-01-15,2030-01-15
CARD98256,CUST98179,Visa Gold,35866.82,2495.47,Active,2025-01-15,2030-01-15
CARD98257,CUST98501,Mastercard Standard,23950.61,4459.88,Active,2025-01-15,2030-01-15
CARD98258,CUST98153,Mastercard Standard,22335.87,2874.87,Active,2025-01-15,2030-01-15
CARD98259,CUST98937,Visa Gold,7588.97,6525.0,Active,2025-01-15,2030-01-15
CARD98260,CUST98915,Visa Platinum,27145.87,2070.49,Active,2025-01-15,2030-01-15
CARD98261,CUST98771,Visa Gold,19689.74,3940.09,Active,2025-01-15,2030-01-15
CARD98262,CUST98205,Visa Platinum,24018.57,5566.95,Active,2025-01-15,2030-01-15
CARD98263,CUST98515,Mastercard Standard,9882.94,36.58,Active,2025-01-15,2030-01-15
CARD98264,CUST98281,Visa Platinum,33747.07,6533.69,Active,2025-01-15,2030-01-15
CARD98265,CUST98675,Mastercard Standard,43284.49,6082.09,Active,2025-01-15,2030-01-15
CARD98266,CUST98338,Mastercard Standard,1598.87,4156.39,Active,2025-01-15,2030-01-15
CARD98267,CUST98194,Visa Platinum,30148.17,1184.63,Active,2025-01-15,2030-01-15
CARD98268,CUST98623,Amex Elite,23709.92,7202.95,Active,2025-01-15,2030-01-15
CARD98269,CUST98441,Amex Elite,47180.78,8148.68,Active,2025-01-15,2030-01-15
CARD98270,CUST98498,Mastercard Standard,40564.47,2163.61,Active,2025-01-15,2030-01-15
CARD98271,CUST98415,Amex Elite,18888.5,1850.28,Active,2025-01-15,2030-01-15
CARD98272,CUST98868,Mastercard Standard,20783.19,6324.98,Active,2025-01-15,2030-01-15
CARD98273,CUST98033,Amex Elite,9484.47,9156.54,Active,2025-01-15,2030-01-15
CARD98274,CUST98711,Visa Gold,33179.97,6761.88,Active,2025-01-15,2030-01-15
CARD98275,CUST98283,Visa Platinum,7332.18,8564.87,Active,2025-01-15,2030-01-15
CARD98276,CUST98751,Visa Gold,30491.95,3696.69,Active,2025-01-15,2030-01-15
CARD98277,CUST98804,Mastercard Standard,20107.91,5561.02,Active,2025-01-15,2030-01-15
CARD98278,CUST98974,Visa Platinum,26799.85,9444.42,Active,2025-01-15,2030-01-15
CARD98279,CUST98637,Amex Elite,26115.8,7639.83,Active,2025-01-15,2030-01-15
CARD98280,CUST98266,Amex Elite,10204.18,6095.13,Active,2025-01-15,2030-01-15
CARD98281,CUST98224,Mastercard Standard,30664.39,8131.54,Active,2025-01-15,2030-01-15
CARD98282,CUST98459,Mastercard Standard,9097.32,7026.01,Active,2025-01-15,2030-01-15
CARD98283,CUST98228,Visa Gold,40847.35,726.37,Active,2025-01-15,2030-01-15
CARD98284,CUST98647,Visa Platinum,12856.27,8337.4,Active,2025-01-15,2030-01-15
CARD98285,CUST98873,Amex Elite,7617.08,5621.3,Active,2025-01-15,2030-01-15
CARD98286,CUST98981,Visa Gold,29094.43,1535.97,Active,2025-01-15,2030-01-15
CARD98287,CUST98159,Visa Platinum,32352.6,5503.4,Active,2025-01-15,2030-01-15
CARD98288,CUST98838,Amex Elite,19191.59,4938.15,Active,2025-01-15,2030-01-15
CARD98289,CUST98684,Mastercard Standard,47805.29,2669.11,Active,2025-01-15,2030-01-15
CARD98290,CUST98210,Mastercard Standard,23177.33,6353.93,Active,2025-01-15,2030-01-15
CARD98291,CUST98176,Visa Platinum,31993.54,3718.95,Active,2025-01-15,2030-01-15
CARD98292,CUST98885,Amex Elite,21803.61,510.75,Active,2025-01-15,2030-01-15
CARD98293,CUST98256,Visa Gold,32716.06,8900.6,Active,2025-01-15,2030-01-15
CARD98294,CUST98785,Mastercard Standard,20839.28,4628.36,Active,2025-01-15,2030-01-15
CARD98295,CUST98056,Visa Platinum,28495.6,6694.36,Active,2025-01-15,2030-01-15
CARD98296,CUST98696,Amex Elite,46473.33,3372.49,Active,2025-01-15,2030-01-15
CARD98297,CUST98177,Amex Elite,34590.54,5266.04,Active,2025-01-15,2030-01-15
CARD98298,CUST98628,Visa Platinum,38937.42,678.07,Active,2025-01-15,2030-01-15
CARD98299,CUST98549,Mastercard Standard,47787.72,1965.93,Active,2025-01-15,2030-01-15
CARD98300,CUST98774,Visa Platinum,46578.16,9269.8,Active,2025-01-15,2030-01-15
CARD98301,CUST98797,Visa Gold,31153.92,3122.99,Active,2025-01-15,2030-01-15
CARD98302,CUST98557,Visa Gold,7067.9,8751.28,Active,2025-01-15,2030-01-15
CARD98303,CUST98882,Visa Platinum,7262.02,8867.58,Active,2025-01-15,2030-01-15
CARD98304,CUST98726,Visa Platinum,14371.35,8575.36,Active,2025-01-15,2030-01-15
CARD98305,CUST98562,Visa Gold,14099.7,6913.78,Active,2025-01-15,2030-01-15
CARD98306,CUST98396,Visa Gold,8306.17,3867.21,Active,2025-01-15,2030-01-15
CARD98307,CUST98262,Visa Platinum,45752.15,6105.55,Active,2025-01-15,2030-01-15
CARD98308,CUST98938,Amex Elite,16617.99,7935.58,Active,2025-01-15,2030-01-15
CARD98309,CUST98395,Mastercard Standard,26131.26,2819.79,Active,2025-01-15,2030-01-15
CARD98310,CUST98171,Visa Gold,31512.66,3175.42,Active,2025-01-15,2030-01-15
CARD98311,CUST98366,Mastercard Standard,39219.54,6093.34,Active,2025-01-15,2030-01-15
CARD98312,CUST98663,Visa Platinum,25502.35,8783.06,Active,2025-01-15,2030-01-15
CARD98313,CUST98444,Visa Platinum,21434.32,4888.57,Active,2025-01-15,2030-01-15
CARD98314,CUST98311,Amex Elite,18505.91,3706.51,Active,2025-01-15,2030-01-15
CARD98315,CUST98763,Visa Platinum,24716.58,5485.32,Active,2025-01-15,2030-01-15
CARD98316,CUST98233,Visa Platinum,18741.66,5650.29,Active,2025-01-15,2030-01-15
CARD98317,CUST98556,Visa Platinum,17440.88,4733.67,Active,2025-01-15,2030-01-15
CARD98318,CUST98618,Visa Platinum,48949.75,8582.31,Active,2025-01-15,2030-01-15
CARD98319,CUST98746,Mastercard Standard,18720.18,3387.34,Active,2025-01-15,2030-01-15
CARD98320,CUST98562,Visa Platinum,7971.2,2516.93,Active,2025-01-15,2030-01-15
CARD98321,CUST98142,Visa Gold,9811.74,577.4,Active,2025-01-15,2030-01-15
CARD98322,CUST98691,Amex Elite,20483.45,457.23,Active,2025-01-15,2030-01-15
CARD98323,CUST98201,Visa Platinum,6899.81,2612.94,Active,2025-01-15,2030-01-15
CARD98324,CUST98501,Mastercard Standard,1873.21,6272.87,Active,2025-01-15,2030-01-15
CARD98325,CUST98816,Amex Elite,29784.37,1696.52,Active,2025-01-15,2030-01-15
CARD98326,CUST98042,Visa Platinum,31550.92,3006.14,Active,2025-01-15,2030-01-15
CARD98327,CUST98718,Visa Platinum,48980.05,2659.57,Active,2025-01-15,2030-01-15
CARD98328,CUST98037,Visa Gold,13541.66,72.93,Active,2025-01-15,2030-01-15
CARD98329,CUST98266,Amex Elite,26012.62,7516.04,Active,2025-01-15,2030-01-15
CARD98330,CUST98527,Mastercard Standard,46527.02,5145.03,Active,2025-01-15,2030-01-15
CARD98331,CUST98022,Visa Platinum,10340.39,8127.31,Active,2025-01-15,2030-01-15
CARD98332,CUST98974,Mastercard Standard,25825.67,5349.66,Active,2025-01-15,2030-01-15
CARD98333,CUST98840,Mastercard Standard,13036.28,9175.81,Active,2025-01-15,2030-01-15
CARD98334,CUST98843,Mastercard Standard,31386.6,4787.21,Active,2025-01-15,2030-01-15
CARD98335,CUST98854,Mastercard Standard,27785.12,8827.43,Active,2025-01-15,2030-01-15
CARD98336,CUST98335,Mastercard Standard,18616.45,7378.64,Active,2025-01-15,2030-01-15
CARD98337,CUST98252,Visa Gold,45202.18,891.69,Active,2025-01-15,2030-01-15
CARD98338,CUST98347,Visa Gold,13613.91,1373.05,Active,2025-01-15,2030-01-15
CARD98339,CUST98704,Visa Platinum,25888.2,4105.6,Active,2025-01-15,2030-01-15
CARD98340,CUST98124,Amex Elite,33064.01,7146.86,Active,2025-01-15,2030-01-15
CARD98341,CUST98025,Mastercard Standard,12601.42,1706.07,Active,2025-01-15,2030-01-15
CARD98342,CUST98205,Visa Gold,7755.23,4057.31,Active,2025-01-15,2030-01-15
CARD98343,CUST98544,Visa Platinum,28270.94,2993.7,Active,2025-01-15,2030-01-15
CARD98344,CUST98132,Mastercard Standard,41661.75,8973.09,Active,2025-01-15,2030-01-15
CARD98345,CUST98457,Visa Platinum,43902.6,9276.26,Active,2025-01-15,2030-01-15
CARD98346,CUST98434,Mastercard Standard,19609.62,8450.53,Active,2025-01-15,2030-01-15
CARD98347,CUST98259,Amex Elite,24465.0,4892.15,Active,2025-01-15,2030-01-15
CARD98348,CUST98617,Visa Platinum,26085.88,406.66,Active,2025-01-15,2030-01-15
CARD98349,CUST98221,Visa Gold,20220.92,1305.22,Active,2025-01-15,2030-01-15
CARD98350,CUST98518,Visa Gold,21437.23,6055.57,Active,2025-01-15,2030-01-15
CARD98351,CUST98318,Visa Gold,40411.0,4758.19,Active,2025-01-15,2030-01-15
CARD98352,CUST98137,Visa Gold,15135.56,8519.42,Active,2025-01-15,2030-01-15
CARD98353,CUST98611,Visa Platinum,44365.56,8692.01,Active,2025-01-15,2030-01-15
CARD98354,CUST98494,Visa Gold,44653.07,3021.27,Active,2025-01-15,2030-01-15
CARD98355,CUST98980,Visa Gold,7683.79,7384.15,Active,2025-01-15,2030-01-15
CARD98356,CUST98791,Amex Elite,37855.57,5093.88,Active,2025-01-15,2030-01-15
CARD98357,CUST98310,Visa Platinum,36187.53,6702.32,Active,2025-01-15,2030-01-15
CARD98358,CUST98448,Mastercard Standard,34910.96,7045.41,Active,2025-01-15,2030-01-15
CARD98359,CUST98159,Visa Platinum,7792.05,6791.04,Active,2025-01-15,2030-01-15
CARD98360,CUST98290,Amex Elite,8754.43,7861.8,Active,2025-01-15,2030-01-15
CARD98361,CUST98430,Visa Gold,6747.73,1609.08,Active,2025-01-15,2030-01-15
CARD98362,CUST98632,Visa Platinum,34705.23,7072.33,Active,2025-01-15,2030-01-15
CARD98363,CUST98373,Visa Platinum,8798.62,3078.89,Active,2025-01-15,2030-01-15
CARD98364,CUST98626,Mastercard Standard,18453.17,932.62,Active,2025-01-15,2030-01-15
CARD98365,CUST98925,Amex Elite,35963.52,9339.98,Active,2025-01-15,2030-01-15
CARD98366,CUST98323,Amex Elite,20078.09,8153.95,Active,2025-01-15,2030-01-15
CARD98367,CUST98421,Mastercard Standard,4304.8,9322.48,Active,2025-01-15,2030-01-15
CARD98368,CUST98611,Visa Gold,46775.58,7041.55,Active,2025-01-15,2030-01-15
CARD98369,CUST98296,Mastercard Standard,1675.36,8996.55,Active,2025-01-15,2030-01-15
CARD98370,CUST98320,Visa Platinum,1673.4,5581.24,Active,2025-01-15,2030-01-15
CARD98371,CUST98907,Mastercard Standard,19702.13,197.48,Active,2025-01-15,2030-01-15
CARD98372,CUST98824,Amex Elite,46529.96,5707.9,Active,2025-01-15,2030-01-15
CARD98373,CUST98134,Mastercard Standard,31453.78,7222.5,Active,2025-01-15,2030-01-15
CARD98374,CUST98159,Visa Gold,42845.94,7895.49,Active,2025-01-15,2030-01-15
CARD98375,CUST98976,Mastercard Standard,29982.44,6492.56,Active,2025-01-15,2030-01-15
CARD98376,CUST98408,Mastercard Standard,33039.57,5240.14,Active,2025-01-15,2030-01-15
CARD98377,CUST98437,Visa Gold,46362.07,9940.53,Active,2025-01-15,2030-01-15
CARD98378,CUST98942,Visa Platinum,1638.19,3372.76,Active,2025-01-15,2030-01-15
CARD98379,CUST98441,Visa Platinum,17256.25,5454.96,Active,2025-01-15,2030-01-15
CARD98380,CUST98905,Amex Elite,9850.31,8788.61,Active,2025-01-15,2030-01-15
CARD98381,CUST98981,Amex Elite,11556.45,7291.59,Active,2025-01-15,2030-01-15
CARD98382,CUST98969,Amex Elite,14420.15,8126.28,Active,2025-01-15,2030-01-15
CARD98383,CUST98362,Amex Elite,2360.67,7133.66,Active,2025-01-15,2030-01-15
CARD98384,CUST98922,Visa Gold,12483.55,9951.29,Active,2025-01-15,2030-01-15
CARD98385,CUST98807,Visa Platinum,35161.12,5394.1,Active,2025-01-15,2030-01-15
CARD98386,CUST98999,Amex Elite,37216.53,538.91,Active,2025-01-15,2030-01-15
CARD98387,CUST98072,Visa Platinum,13723.37,8269.0,Active,2025-01-15,2030-01-15
CARD98388,CUST98589,Visa Platinum,33179.92,8879.7,Active,2025-01-15,2030-01-15
CARD98389,CUST98929,Visa Platinum,49523.69,1597.91,Active,2025-01-15,2030-01-15
CARD98390,CUST98334,Visa Platinum,35352.28,2257.06,Active,2025-01-15,2030-01-15
CARD98391,CUST98584,Amex Elite,7854.66,6556.28,Active,2025-01-15,2030-01-15
CARD98392,CUST98336,Visa Platinum,21895.91,3213.41,Active,2025-01-15,2030-01-15
CARD98393,CUST98795,Visa Platinum,27467.9,3627.71,Active,2025-01-15,2030-01-15
CARD98394,CUST98826,Mastercard Standard,23295.51,7252.93,Active,2025-01-15,2030-01-15
CARD98395,CUST98519,Mastercard Standard,24301.74,9029.55,Active,2025-01-15,2030-01-15
CARD98396,CUST98417,Mastercard Standard,33524.67,4037.36,Active,2025-01-15,2030-01-15
CARD98397,CUST98197,Amex Elite,31963.02,4386.03,Active,2025-01-15,2030-01-15
CARD98398,CUST98856,Mastercard Standard,42504.33,2098.86,Active,2025-01-15,2030-01-15
CARD98399,CUST98876,Amex Elite,47323.0,3358.83,Active,2025-01-15,2030-01-15
CARD98400,CUST98587,Mastercard Standard,18966.76,3279.68,Active,2025-01-15,2030-01-15
CARD98401,CUST98641,Amex Elite,24291.68,9058.4,Active,2025-01-15,2030-01-15
CARD98402,CUST98960,Mastercard Standard,37982.9,8795.63,Active,2025-01-15,2030-01-15
CARD98403,CUST98248,Visa Gold,39144.08,49.5,Active,2025-01-15,2030-01-15
CARD98404,CUST98271,Mastercard Standard,45745.59,2916.72,Active,2025-01-15,2030-01-15
CARD98405,CUST98044,Visa Platinum,49378.13,6772.24,Active,2025-01-15,2030-01-15
CARD98406,CUST98724,Visa Platinum,20718.2,6218.22,Active,2025-01-15,2030-01-15
CARD98407,CUST98741,Amex Elite,32767.15,8836.06,Active,2025-01-15,2030-01-15
CARD98408,CUST98567,Mastercard Standard,22532.27,3704.68,Active,2025-01-15,2030-01-15
CARD98409,CUST98839,Visa Platinum,19523.41,4586.26,Active,2025-01-15,2030-01-15
CARD98410,CUST98197,Visa Gold,16893.41,800.49,Active,2025-01-15,2030-01-15
CARD98411,CUST98856,Visa Gold,12018.41,5824.45,Active,2025-01-15,2030-01-15
CARD98412,CUST98754,Visa Platinum,13538.08,3898.94,Active,2025-01-15,2030-01-15
CARD98413,CUST98459,Visa Platinum,49353.14,9553.49,Active,2025-01-15,2030-01-15
CARD98414,CUST98651,Amex Elite,29758.29,7109.91,Active,2025-01-15,2030-01-15
CARD98415,CUST98656,Amex Elite,16446.52,1849.78,Active,2025-01-15,2030-01-15
CARD98416,CUST98320,Mastercard Standard,5237.89,7162.42,Active,2025-01-15,2030-01-15
CARD98417,CUST98096,Mastercard Standard,48202.26,585.88,Active,2025-01-15,2030-01-15
CARD98418,CUST98443,Amex Elite,23411.04,6790.66,Active,2025-01-15,2030-01-15
CARD98419,CUST98302,Amex Elite,35181.11,1260.2,Active,2025-01-15,2030-01-15
CARD98420,CUST98392,Visa Gold,13866.29,6520.85,Active,2025-01-15,2030-01-15
CARD98421,CUST98300,Mastercard Standard,37563.04,6231.42,Active,2025-01-15,2030-01-15
CARD98422,CUST98685,Amex Elite,23885.74,7099.79,Active,2025-01-15,2030-01-15
CARD98423,CUST98632,Visa Platinum,20068.95,5136.47,Active,2025-01-15,2030-01-15
CARD98424,CUST98461,Amex Elite,7427.24,3572.05,Active,2025-01-15,2030-01-15
CARD98425,CUST98150,Amex Elite,39590.01,3310.93,Active,2025-01-15,2030-01-15
CARD98426,CUST98173,Amex Elite,42877.35,7247.15,Active,2025-01-15,2030-01-15
CARD98427,CUST98723,Mastercard Standard,43601.7,6721.02,Active,2025-01-15,2030-01-15
CARD98428,CUST98494,Amex Elite,15060.7,3535.61,Active,2025-01-15,2030-01-15
CARD98429,CUST98927,Mastercard Standard,24871.07,6383.73,Active,2025-01-15,2030-01-15
CARD98430,CUST98239,Visa Gold,43965.35,445.74,Active,2025-01-15,2030-01-15
CARD98431,CUST98044,Amex Elite,38622.32,9439.38,Active,2025-01-15,2030-01-15
CARD98432,CUST98842,Amex Elite,23886.88,8927.85,Active,2025-01-15,2030-01-15
CARD98433,CUST98680,Mastercard Standard,16606.43,6804.05,Active,2025-01-15,2030-01-15
CARD98434,CUST98925,Mastercard Standard,26015.72,7831.89,Active,2025-01-15,2030-01-15
CARD98435,CUST98453,Amex Elite,33393.18,9692.77,Active,2025-01-15,2030-01-15
CARD98436,CUST98941,Visa Platinum,19676.14,3837.49,Active,2025-01-15,2030-01-15
CARD98437,CUST98727,Visa Gold,10040.04,1582.88,Active,2025-01-15,2030-01-15
CARD98438,CUST98673,Amex Elite,30599.99,7074.74,Active,2025-01-15,2030-01-15
CARD98439,CUST98205,Mastercard Standard,26635.7,2158.24,Active,2025-01-15,2030-01-15
CARD98440,CUST98108,Visa Gold,20046.35,2171.23,Active,2025-01-15,2030-01-15
CARD98441,CUST98234,Mastercard Standard,33702.87,5524.23,Active,2025-01-15,2030-01-15
CARD98442,CUST98610,Visa Gold,25855.71,5664.34,Active,2025-01-15,2030-01-15
CARD98443,CUST98193,Amex Elite,18878.83,6077.64,Active,2025-01-15,2030-01-15
CARD98444,CUST98321,Amex Elite,33261.91,9667.07,Active,2025-01-15,2030-01-15
CARD98445,CUST98524,Amex Elite,18530.01,4069.18,Active,2025-01-15,2030-01-15
CARD98446,CUST98327,Visa Platinum,36581.6,2041.67,Active,2025-01-15,2030-01-15
CARD98447,CUST98983,Visa Gold,7967.43,4106.36,Active,2025-01-15,2030-01-15
CARD98448,CUST98456,Mastercard Standard,20018.1,3747.52,Active,2025-01-15,2030-01-15
CARD98449,CUST98779,Mastercard Standard,9965.37,409.23,Active,2025-01-15,2030-01-15
CARD98450,CUST98132,Visa Platinum,25038.65,4946.41,Active,2025-01-15,2030-01-15
CARD98451,CUST98084,Amex Elite,4293.7,6005.99,Active,2025-01-15,2030-01-15
CARD98452,CUST98699,Mastercard Standard,49998.06,5185.74,Active,2025-01-15,2030-01-15
CARD98453,CUST98958,Amex Elite,46083.97,8448.33,Active,2025-01-15,2030-01-15
CARD98454,CUST98116,Visa Platinum,38866.59,3774.51,Active,2025-01-15,2030-01-15
CARD98455,CUST98306,Visa Gold,39231.14,2365.69,Active,2025-01-15,2030-01-15
CARD98456,CUST98365,Visa Platinum,11169.99,7109.8,Active,2025-01-15,2030-01-15
CARD98457,CUST98427,Amex Elite,6454.57,4041.06,Active,2025-01-15,2030-01-15
CARD98458,CUST98105,Visa Gold,7406.63,521.81,Active,2025-01-15,2030-01-15
CARD98459,CUST98262,Visa Platinum,16592.36,5640.38,Active,2025-01-15,2030-01-15
CARD98460,CUST98681,Amex Elite,44064.95,5544.8,Active,2025-01-15,2030-01-15
CARD98461,CUST98158,Visa Gold,43727.92,6249.28,Active,2025-01-15,2030-01-15
CARD98462,CUST98411,Mastercard Standard,3783.35,9098.04,Active,2025-01-15,2030-01-15
CARD98463,CUST98105,Visa Platinum,18128.41,2980.11,Active,2025-01-15,2030-01-15
CARD98464,CUST98295,Amex Elite,10733.18,9203.44,Active,2025-01-15,2030-01-15
CARD98465,CUST98281,Visa Gold,15963.47,7126.89,Active,2025-01-15,2030-01-15
CARD98466,CUST98856,Mastercard Standard,28961.77,9315.54,Active,2025-01-15,2030-01-15
CARD98467,CUST98750,Visa Platinum,35356.51,1332.73,Active,2025-01-15,2030-01-15
CARD98468,CUST98255,Amex Elite,6842.99,44.02,Active,2025-01-15,2030-01-15
CARD98469,CUST98717,Amex Elite,38871.06,7209.72,Active,2025-01-15,2030-01-15
CARD98470,CUST98063,Mastercard Standard,46409.04,8682.5,Active,2025-01-15,2030-01-15
CARD98471,CUST98638,Visa Gold,13402.36,6126.02,Active,2025-01-15,2030-01-15
CARD98472,CUST98443,Visa Gold,41867.33,5589.72,Active,2025-01-15,2030-01-15
CARD98473,CUST98665,Amex Elite,42961.8,6203.22,Active,2025-01-15,2030-01-15
CARD98474,CUST98518,Visa Platinum,9443.4,8113.96,Active,2025-01-15,2030-01-15
CARD98475,CUST98109,Amex Elite,48125.58,5995.0,Active,2025-01-15,2030-01-15
CARD98476,CUST98819,Visa Platinum,36092.56,5719.7,Active,2025-01-15,2030-01-15
CARD98477,CUST98499,Visa Gold,1779.82,8295.31,Active,2025-01-15,2030-01-15
CARD98478,CUST98453,Visa Platinum,19254.75,484.66,Active,2025-01-15,2030-01-15
CARD98479,CUST98331,Amex Elite,24008.4,6371.88,Active,2025-01-15,2030-01-15
CARD98480,CUST98482,Visa Gold,13949.6,4098.87,Active,2025-01-15,2030-01-15
CARD98481,CUST98091,Mastercard Standard,16465.01,7508.53,Active,2025-01-15,2030-01-15
CARD98482,CUST98609,Visa Platinum,32432.81,7522.19,Active,2025-01-15,2030-01-15
CARD98483,CUST98817,Visa Platinum,41168.62,9917.68,Active,2025-01-15,2030-01-15
CARD98484,CUST98855,Mastercard Standard,4355.3,6449.01,Active,2025-01-15,2030-01-15
CARD98485,CUST98270,Visa Gold,12754.79,1070.87,Active,2025-01-15,2030-01-15
CARD98486,CUST98069,Amex Elite,10337.42,8739.44,Active,2025-01-15,2030-01-15
CARD98487,CUST98730,Mastercard Standard,28428.56,9680.77,Active,2025-01-15,2030-01-15
CARD98488,CUST98220,Visa Gold,13097.93,217.84,Active,2025-01-15,2030-01-15
CARD98489,CUST98479,Visa Gold,32595.93,9466.94,Active,2025-01-15,2030-01-15
CARD98490,CUST98525,Amex Elite,44441.89,3928.44,Active,2025-01-15,2030-01-15
CARD98491,CUST98226,Visa Platinum,33024.36,1896.19,Active,2025-01-15,2030-01-15
CARD98492,CUST98786,Mastercard Standard,10785.73,551.97,Active,2025-01-15,2030-01-15
CARD98493,CUST98431,Amex Elite,23675.37,1856.1,Active,2025-01-15,2030-01-15
CARD98494,CUST98035,Amex Elite,37698.94,4854.69,Active,2025-01-15,2030-01-15
CARD98495,CUST98337,Visa Platinum,31228.06,5767.78,Active,2025-01-15,2030-01-15
CARD98496,CUST98869,Mastercard Standard,42037.97,3056.04,Active,2025-01-15,2030-01-15
CARD98497,CUST98098,Mastercard Standard,11729.97,5102.63,Active,2025-01-15,2030-01-15
CARD98498,CUST98445,Visa Gold,23791.97,5022.39,Active,2025-01-15,2030-01-15
CARD98499,CUST98037,Amex Elite,13478.23,8170.89,Active,2025-01-15,2030-01-15
CARD98500,CUST98161,Mastercard Standard,31604.37,1516.45,Active,2025-01-15,2030-01-15
CARD98501,CUST98630,Visa Gold,8948.94,9579.58,Active,2025-01-15,2030-01-15
CARD98502,CUST98510,Visa Platinum,12923.12,2930.65,Active,2025-01-15,2030-01-15
CARD98503,CUST98729,Mastercard Standard,2389.47,3579.33,Active,2025-01-15,2030-01-15
CARD98504,CUST98414,Amex Elite,36249.83,3585.22,Active,2025-01-15,2030-01-15
CARD98505,CUST98692,Visa Gold,17056.68,1103.11,Active,2025-01-15,2030-01-15
CARD98506,CUST98413,Visa Platinum,41440.09,725.57,Active,2025-01-15,2030-01-15
CARD98507,CUST98778,Visa Platinum,24573.06,5150.77,Active,2025-01-15,2030-01-15
CARD98508,CUST98711,Visa Gold,36638.7,7630.75,Active,2025-01-15,2030-01-15
CARD98509,CUST98294,Visa Platinum,38744.07,9460.64,Active,2025-01-15,2030-01-15
CARD98510,CUST98516,Mastercard Standard,18699.05,3465.57,Active,2025-01-15,2030-01-15
CARD98511,CUST98984,Amex Elite,12177.01,4140.52,Active,2025-01-15,2030-01-15
CARD98512,CUST98959,Visa Gold,9695.19,667.65,Active,2025-01-15,2030-01-15
CARD98513,CUST98634,Mastercard Standard,5993.44,715.58,Active,2025-01-15,2030-01-15
CARD98514,CUST98691,Visa Platinum,3348.76,5503.81,Active,2025-01-15,2030-01-15
CARD98515,CUST98285,Mastercard Standard,10106.1,4055.94,Active,2025-01-15,2030-01-15
CARD98516,CUST98316,Visa Platinum,49002.69,900.61,Active,2025-01-15,2030-01-15
CARD98517,CUST98967,Mastercard Standard,19487.99,7193.28,Active,2025-01-15,2030-01-15
CARD98518,CUST98643,Amex Elite,1287.73,2540.78,Active,2025-01-15,2030-01-15
CARD98519,CUST98863,Visa Gold,13722.89,5794.96,Active,2025-01-15,2030-01-15
CARD98520,CUST98320,Visa Gold,31059.39,1365.48,Active,2025-01-15,2030-01-15
CARD98521,CUST98959,Amex Elite,25479.9,2590.81,Active,2025-01-15,2030-01-15
CARD98522,CUST98551,Amex Elite,33970.28,1529.45,Active,2025-01-15,2030-01-15
CARD98523,CUST98916,Mastercard Standard,29960.18,5687.95,Active,2025-01-15,2030-01-15
CARD98524,CUST98656,Visa Gold,1592.64,2260.33,Active,2025-01-15,2030-01-15
CARD98525,CUST98060,Visa Platinum,32844.42,6741.01,Active,2025-01-15,2030-01-15
CARD98526,CUST98976,Mastercard Standard,3361.81,6244.06,Active,2025-01-15,2030-01-15
CARD98527,CUST98198,Mastercard Standard,31777.73,5213.03,Active,2025-01-15,2030-01-15
CARD98528,CUST98697,Visa Platinum,32629.05,5117.34,Active,2025-01-15,2030-01-15
CARD98529,CUST98100,Visa Gold,28752.5,1061.78,Active,2025-01-15,2030-01-15
CARD98530,CUST98302,Mastercard Standard,35460.24,6782.67,Active,2025-01-15,2030-01-15
CARD98531,CUST98625,Amex Elite,7771.4,8366.86,Active,2025-01-15,2030-01-15
CARD98532,CUST98816,Visa Platinum,22854.16,7287.09,Active,2025-01-15,2030-01-15
CARD98533,CUST98631,Mastercard Standard,44805.4,1313.71,Active,2025-01-15,2030-01-15
CARD98534,CUST98405,Visa Gold,25872.37,7401.31,Active,2025-01-15,2030-01-15
CARD98535,CUST98011,Visa Gold,35327.52,8501.71,Active,2025-01-15,2030-01-15
CARD98536,CUST98326,Visa Gold,41112.39,6723.66,Active,2025-01-15,2030-01-15
CARD98537,CUST98794,Mastercard Standard,43529.15,1923.28,Active,2025-01-15,2030-01-15
CARD98538,CUST98027,Amex Elite,20712.42,1808.23,Active,2025-01-15,2030-01-15
CARD98539,CUST98887,Amex Elite,37000.95,9538.79,Active,2025-01-15,2030-01-15
CARD98540,CUST98922,Visa Platinum,3727.22,4024.95,Active,2025-01-15,2030-01-15
CARD98541,CUST98392,Mastercard Standard,11827.81,596.32,Active,2025-01-15,2030-01-15
CARD98542,CUST98544,Mastercard Standard,48946.1,3653.88,Active,2025-01-15,2030-01-15
CARD98543,CUST98533,Visa Gold,13881.64,3267.52,Active,2025-01-15,2030-01-15
CARD98544,CUST98082,Mastercard Standard,38615.3,2573.33,Active,2025-01-15,2030-01-15
CARD98545,CUST98330,Mastercard Standard,7065.38,920.1,Active,2025-01-15,2030-01-15
CARD98546,CUST98307,Visa Gold,19858.38,2103.58,Active,2025-01-15,2030-01-15
CARD98547,CUST98372,Visa Platinum,30177.47,389.18,Active,2025-01-15,2030-01-15
CARD98548,CUST98818,Amex Elite,28066.08,9275.27,Active,2025-01-15,2030-01-15
CARD98549,CUST98658,Mastercard Standard,49193.69,993.56,Active,2025-01-15,2030-01-15
CARD98550,CUST98876,Mastercard Standard,41120.42,6688.55,Active,2025-01-15,2030-01-15
CARD98551,CUST98557,Visa Gold,18204.54,6801.33,Active,2025-01-15,2030-01-15
CARD98552,CUST98072,Mastercard Standard,25070.15,3896.8,Active,2025-01-15,2030-01-15
CARD98553,CUST98456,Amex Elite,7646.0,7556.09,Active,2025-01-15,2030-01-15
CARD98554,CUST98795,Visa Gold,29022.28,3364.61,Active,2025-01-15,2030-01-15
CARD98555,CUST98022,Amex Elite,15127.31,9059.49,Active,2025-01-15,2030-01-15
CARD98556,CUST98996,Mastercard Standard,46750.18,6149.02,Active,2025-01-15,2030-01-15
CARD98557,CUST98580,Amex Elite,39060.37,2362.09,Active,2025-01-15,2030-01-15
CARD98558,CUST98242,Amex Elite,30935.13,5000.9,Active,2025-01-15,2030-01-15
CARD98559,CUST981000,Visa Platinum,24969.94,9387.24,Active,2025-01-15,2030-01-15
CARD98560,CUST98742,Amex Elite,34192.78,101.23,Active,2025-01-15,2030-01-15
CARD98561,CUST98607,Amex Elite,22245.04,2950.43,Active,2025-01-15,2030-01-15
CARD98562,CUST98915,Visa Platinum,6629.97,7098.9,Active,2025-01-15,2030-01-15
CARD98563,CUST981000,Amex Elite,28905.1,3830.98,Active,2025-01-15,2030-01-15
CARD98564,CUST98611,Visa Platinum,28800.85,5034.66,Active,2025-01-15,2030-01-15
CARD98565,CUST98477,Visa Platinum,36079.63,493.97,Active,2025-01-15,2030-01-15
CARD98566,CUST98761,Amex Elite,28317.01,5266.81,Active,2025-01-15,2030-01-15
CARD98567,CUST98549,Mastercard Standard,38233.9,6941.08,Active,2025-01-15,2030-01-15
CARD98568,CUST98155,Visa Gold,47162.68,8359.57,Active,2025-01-15,2030-01-15
CARD98569,CUST98455,Visa Gold,41204.25,2159.05,Active,2025-01-15,2030-01-15
CARD98570,CUST98668,Amex Elite,36992.29,6381.46,Active,2025-01-15,2030-01-15
CARD98571,CUST98857,Visa Gold,10512.63,3565.4,Active,2025-01-15,2030-01-15
CARD98572,CUST98889,Mastercard Standard,36285.03,7414.38,Active,2025-01-15,2030-01-15
CARD98573,CUST98651,Mastercard Standard,42464.21,7599.39,Active,2025-01-15,2030-01-15
CARD98574,CUST98981,Mastercard Standard,16397.83,4771.97,Active,2025-01-15,2030-01-15
CARD98575,CUST98490,Visa Gold,20028.69,3256.84,Active,2025-01-15,2030-01-15
CARD98576,CUST98944,Mastercard Standard,6270.56,4709.75,Active,2025-01-15,2030-01-15
CARD98577,CUST98949,Visa Platinum,13991.02,9226.33,Active,2025-01-15,2030-01-15
CARD98578,CUST98812,Mastercard Standard,33227.07,7860.06,Active,2025-01-15,2030-01-15
CARD98579,CUST98577,Visa Platinum,23203.18,1547.5,Active,2025-01-15,2030-01-15
CARD98580,CUST98494,Amex Elite,48091.03,4073.0,Active,2025-01-15,2030-01-15
CARD98581,CUST98600,Visa Gold,30410.24,3651.87,Active,2025-01-15,2030-01-15
CARD98582,CUST98316,Mastercard Standard,13379.4,6052.41,Active,2025-01-15,2030-01-15
CARD98583,CUST98183,Amex Elite,37609.01,7133.03,Active,2025-01-15,2030-01-15
CARD98584,CUST98787,Amex Elite,31434.31,1562.73,Active,2025-01-15,2030-01-15
CARD98585,CUST98468,Visa Platinum,22021.51,4479.78,Active,2025-01-15,2030-01-15
CARD98586,CUST98774,Amex Elite,33855.68,2557.51,Active,2025-01-15,2030-01-15
CARD98587,CUST98311,Visa Gold,17045.61,7962.23,Active,2025-01-15,2030-01-15
CARD98588,CUST98738,Amex Elite,32151.86,3057.82,Active,2025-01-15,2030-01-15
CARD98589,CUST98585,Visa Platinum,23126.14,7987.79,Active,2025-01-15,2030-01-15
CARD98590,CUST98991,Visa Platinum,17252.07,7792.55,Active,2025-01-15,2030-01-15
CARD98591,CUST98347,Visa Gold,11764.23,8360.89,Active,2025-01-15,2030-01-15
CARD98592,CUST98501,Visa Platinum,28674.93,1992.5,Active,2025-01-15,2030-01-15
CARD98593,CUST98601,Visa Platinum,15080.75,7965.87,Active,2025-01-15,2030-01-15
CARD98594,CUST98508,Mastercard Standard,37157.82,8846.45,Active,2025-01-15,2030-01-15
CARD98595,CUST98868,Visa Platinum,23543.99,7873.95,Active,2025-01-15,2030-01-15
CARD98596,CUST98932,Amex Elite,48338.94,5393.98,Active,2025-01-15,2030-01-15
CARD98597,CUST98269,Visa Gold,1102.05,5006.11,Active,2025-01-15,2030-01-15
CARD98598,CUST98857,Visa Platinum,15526.41,1506.67,Active,2025-01-15,2030-01-15
CARD98599,CUST98990,Amex Elite,23844.35,1908.9,Active,2025-01-15,2030-01-15
CARD98600,CUST98277,Visa Gold,10082.32,2554.33,Active,2025-01-15,2030-01-15
CARD98601,CUST98770,Visa Gold,45518.34,5145.06,Active,2025-01-15,2030-01-15
CARD98602,CUST98300,Visa Platinum,28497.47,7466.16,Active,2025-01-15,2030-01-15
CARD98603,CUST98674,Visa Gold,39578.81,4185.22,Active,2025-01-15,2030-01-15
CARD98604,CUST98594,Mastercard Standard,5527.07,6871.84,Active,2025-01-15,2030-01-15
CARD98605,CUST98155,Visa Platinum,47572.94,869.84,Active,2025-01-15,2030-01-15
CARD98606,CUST98643,Visa Gold,45699.27,6136.78,Active,2025-01-15,2030-01-15
CARD98607,CUST98738,Visa Platinum,13942.05,96.63,Active,2025-01-15,2030-01-15
CARD98608,CUST98675,Visa Gold,23412.22,6034.06,Active,2025-01-15,2030-01-15
CARD98609,CUST98164,Visa Platinum,45005.02,3271.74,Active,2025-01-15,2030-01-15
CARD98610,CUST98557,Mastercard Standard,7605.74,5091.87,Active,2025-01-15,2030-01-15
CARD98611,CUST98448,Amex Elite,32332.57,6529.29,Active,2025-01-15,2030-01-15
CARD98612,CUST98278,Mastercard Standard,3645.8,2159.58,Active,2025-01-15,2030-01-15
CARD98613,CUST98974,Amex Elite,48480.04,9090.07,Active,2025-01-15,2030-01-15
CARD98614,CUST98630,Visa Platinum,22253.51,4504.1,Active,2025-01-15,2030-01-15
CARD98615,CUST98333,Visa Platinum,41296.85,5478.49,Active,2025-01-15,2030-01-15
CARD98616,CUST98808,Visa Platinum,36925.11,5286.14,Active,2025-01-15,2030-01-15
CARD98617,CUST98186,Mastercard Standard,25855.48,2317.69,Active,2025-01-15,2030-01-15
CARD98618,CUST98889,Mastercard Standard,7008.28,8074.31,Active,2025-01-15,2030-01-15
CARD98619,CUST98373,Visa Gold,31000.88,6271.1,Active,2025-01-15,2030-01-15
CARD98620,CUST98362,Visa Gold,40522.69,9617.15,Active,2025-01-15,2030-01-15
CARD98621,CUST98615,Visa Gold,27560.75,2777.97,Active,2025-01-15,2030-01-15
CARD98622,CUST98066,Amex Elite,47514.26,5672.41,Active,2025-01-15,2030-01-15
CARD98623,CUST98207,Amex Elite,14191.15,3874.21,Active,2025-01-15,2030-01-15
CARD98624,CUST98348,Amex Elite,48225.8,3894.05,Active,2025-01-15,2030-01-15
CARD98625,CUST98580,Visa Gold,40929.05,5411.55,Active,2025-01-15,2030-01-15
CARD98626,CUST98290,Visa Platinum,26155.66,9449.63,Active,2025-01-15,2030-01-15
CARD98627,CUST98892,Amex Elite,17729.38,7756.04,Active,2025-01-15,2030-01-15
CARD98628,CUST98800,Mastercard Standard,30121.75,7413.6,Active,2025-01-15,2030-01-15
CARD98629,CUST98330,Mastercard Standard,4459.96,5821.72,Active,2025-01-15,2030-01-15
CARD98630,CUST98054,Amex Elite,28107.63,3441.92,Active,2025-01-15,2030-01-15
CARD98631,CUST98054,Mastercard Standard,16282.91,1015.28,Active,2025-01-15,2030-01-15
CARD98632,CUST98749,Visa Gold,4913.91,8040.97,Active,2025-01-15,2030-01-15
CARD98633,CUST98641,Visa Platinum,21936.73,4910.35,Active,2025-01-15,2030-01-15
CARD98634,CUST98451,Visa Gold,18921.52,4277.61,Active,2025-01-15,2030-01-15
CARD98635,CUST98334,Mastercard Standard,13675.98,5369.76,Active,2025-01-15,2030-01-15
CARD98636,CUST98482,Amex Elite,33758.68,9109.77,Active,2025-01-15,2030-01-15
CARD98637,CUST98590,Visa Gold,11075.49,8180.35,Active,2025-01-15,2030-01-15
CARD98638,CUST98262,Mastercard Standard,22562.32,7402.99,Active,2025-01-15,2030-01-15
CARD98639,CUST98652,Visa Gold,36756.05,9129.41,Active,2025-01-15,2030-01-15
CARD98640,CUST98595,Mastercard Standard,17807.03,4578.97,Active,2025-01-15,2030-01-15
CARD98641,CUST98945,Amex Elite,9680.96,7818.09,Active,2025-01-15,2030-01-15
CARD98642,CUST98746,Amex Elite,40337.65,8593.99,Active,2025-01-15,2030-01-15
CARD98643,CUST98981,Amex Elite,27127.58,4376.55,Active,2025-01-15,2030-01-15
CARD98644,CUST98242,Visa Gold,23903.37,5448.2,Active,2025-01-15,2030-01-15
CARD98645,CUST98142,Amex Elite,6345.53,8982.49,Active,2025-01-15,2030-01-15
CARD98646,CUST98886,Visa Platinum,23838.38,8795.28,Active,2025-01-15,2030-01-15
CARD98647,CUST98572,Mastercard Standard,38986.56,870.78,Active,2025-01-15,2030-01-15
CARD98648,CUST98254,Visa Gold,14563.32,6914.71,Active,2025-01-15,2030-01-15
CARD98649,CUST98559,Mastercard Standard,33662.06,8331.51,Active,2025-01-15,2030-01-15
CARD98650,CUST98119,Visa Platinum,24225.83,8182.06,Active,2025-01-15,2030-01-15
CARD98651,CUST98449,Visa Platinum,17071.96,4014.83,Active,2025-01-15,2030-01-15
CARD98652,CUST98276,Visa Platinum,42739.68,5327.66,Active,2025-01-15,2030-01-15
CARD98653,CUST98531,Visa Gold,39363.75,4848.61,Active,2025-01-15,2030-01-15
CARD98654,CUST98592,Visa Gold,48344.93,8339.2,Active,2025-01-15,2030-01-15
CARD98655,CUST98395,Mastercard Standard,26147.15,6287.54,Active,2025-01-15,2030-01-15
CARD98656,CUST98889,Amex Elite,14858.59,4325.79,Active,2025-01-15,2030-01-15
CARD98657,CUST98412,Amex Elite,29813.45,6027.9,Active,2025-01-15,2030-01-15
CARD98658,CUST98030,Visa Gold,23466.93,8012.22,Active,2025-01-15,2030-01-15
CARD98659,CUST98972,Visa Gold,23237.98,7642.55,Active,2025-01-15,2030-01-15
CARD98660,CUST98962,Mastercard Standard,38744.07,1558.8,Active,2025-01-15,2030-01-15
CARD98661,CUST98557,Amex Elite,41867.64,5551.96,Active,2025-01-15,2030-01-15
CARD98662,CUST98365,Visa Gold,4798.26,5918.67,Active,2025-01-15,2030-01-15
CARD98663,CUST98986,Amex Elite,18784.89,2145.93,Active,2025-01-15,2030-01-15
CARD98664,CUST98861,Amex Elite,31903.79,4433.7,Active,2025-01-15,2030-01-15
CARD98665,CUST98384,Amex Elite,26408.94,3399.81,Active,2025-01-15,2030-01-15
CARD98666,CUST98597,Mastercard Standard,31586.75,2877.4,Active,2025-01-15,2030-01-15
CARD98667,CUST98439,Visa Gold,20626.26,850.35,Active,2025-01-15,2030-01-15
CARD98668,CUST98046,Mastercard Standard,1800.86,4832.93,Active,2025-01-15,2030-01-15
CARD98669,CUST98362,Visa Platinum,7084.76,2551.84,Active,2025-01-15,2030-01-15
CARD98670,CUST98540,Amex Elite,9365.28,7303.26,Active,2025-01-15,2030-01-15
CARD98671,CUST98582,Amex Elite,16789.28,6590.74,Active,2025-01-15,2030-01-15
CARD98672,CUST98377,Mastercard Standard,41499.45,7379.98,Active,2025-01-15,2030-01-15
CARD98673,CUST98696,Visa Gold,9348.67,2843.04,Active,2025-01-15,2030-01-15
CARD98674,CUST98688,Visa Platinum,42474.97,1771.47,Active,2025-01-15,2030-01-15
CARD98675,CUST98041,Visa Platinum,4854.87,8034.93,Active,2025-01-15,2030-01-15
CARD98676,CUST98603,Visa Platinum,16096.43,8060.5,Active,2025-01-15,2030-01-15
CARD98677,CUST98956,Mastercard Standard,5862.46,5929.84,Active,2025-01-15,2030-01-15
CARD98678,CUST98312,Visa Gold,2713.18,4646.73,Active,2025-01-15,2030-01-15
CARD98679,CUST98426,Visa Platinum,4644.06,263.62,Active,2025-01-15,2030-01-15
CARD98680,CUST98603,Mastercard Standard,43058.42,3398.63,Active,2025-01-15,2030-01-15
CARD98681,CUST98467,Visa Platinum,13016.91,793.76,Active,2025-01-15,2030-01-15
CARD98682,CUST98629,Mastercard Standard,47810.12,8279.94,Active,2025-01-15,2030-01-15
CARD98683,CUST98656,Mastercard Standard,14486.13,1261.34,Active,2025-01-15,2030-01-15
CARD98684,CUST98355,Mastercard Standard,1934.16,1034.68,Active,2025-01-15,2030-01-15
CARD98685,CUST98315,Visa Platinum,42361.31,9733.64,Active,2025-01-15,2030-01-15
CARD98686,CUST98253,Amex Elite,30522.12,2353.71,Active,2025-01-15,2030-01-15
CARD98687,CUST98698,Visa Platinum,48078.05,6255.71,Active,2025-01-15,2030-01-15
CARD98688,CUST98048,Visa Gold,25711.05,1515.8,Active,2025-01-15,2030-01-15
CARD98689,CUST98905,Visa Gold,8980.32,2734.53,Active,2025-01-15,2030-01-15
CARD98690,CUST98881,Visa Gold,6624.3,9938.99,Active,2025-01-15,2030-01-15
CARD98691,CUST98913,Amex Elite,30429.63,86.08,Active,2025-01-15,2030-01-15
CARD98692,CUST98234,Visa Gold,27948.41,9826.01,Active,2025-01-15,2030-01-15
CARD98693,CUST98218,Amex Elite,40860.52,5637.88,Active,2025-01-15,2030-01-15
CARD98694,CUST98413,Visa Gold,29260.15,152.73,Active,2025-01-15,2030-01-15
CARD98695,CUST98828,Visa Gold,6418.13,3580.91,Active,2025-01-15,2030-01-15
CARD98696,CUST98783,Visa Gold,17618.9,5370.0,Active,2025-01-15,2030-01-15
CARD98697,CUST98464,Visa Gold,26228.63,1308.62,Active,2025-01-15,2030-01-15
CARD98698,CUST98561,Mastercard Standard,42029.98,3710.95,Active,2025-01-15,2030-01-15
CARD98699,CUST98447,Visa Platinum,29559.39,4218.02,Active,2025-01-15,2030-01-15
CARD98700,CUST98952,Visa Gold,28534.18,1612.24,Active,2025-01-15,2030-01-15
CARD98701,CUST98307,Amex Elite,1682.92,675.13,Active,2025-01-15,2030-01-15
CARD98702,CUST98409,Amex Elite,26676.92,7589.53,Active,2025-01-15,2030-01-15
CARD98703,CUST98032,Visa Gold,26287.92,9643.65,Active,2025-01-15,2030-01-15
CARD98704,CUST98533,Amex Elite,10760.75,2231.03,Active,2025-01-15,2030-01-15
CARD98705,CUST98437,Visa Gold,12963.87,6905.26,Active,2025-01-15,2030-01-15
CARD98706,CUST98470,Visa Platinum,47374.68,3102.09,Active,2025-01-15,2030-01-15
CARD98707,CUST98387,Mastercard Standard,25563.09,8891.37,Active,2025-01-15,2030-01-15
CARD98708,CUST98087,Mastercard Standard,42545.34,7297.28,Active,2025-01-15,2030-01-15
CARD98709,CUST98188,Visa Platinum,44222.79,7340.83,Active,2025-01-15,2030-01-15
CARD98710,CUST98094,Visa Platinum,9116.88,3523.83,Active,2025-01-15,2030-01-15
CARD98711,CUST98055,Mastercard Standard,15206.42,9270.29,Active,2025-01-15,2030-01-15
CARD98712,CUST98137,Visa Gold,2408.44,9756.5,Active,2025-01-15,2030-01-15
CARD98713,CUST98918,Mastercard Standard,10567.07,132.19,Active,2025-01-15,2030-01-15
CARD98714,CUST98231,Mastercard Standard,2831.14,5714.34,Active,2025-01-15,2030-01-15
CARD98715,CUST98864,Visa Platinum,2757.25,5794.91,Active,2025-01-15,2030-01-15
CARD98716,CUST98050,Amex Elite,45963.14,9790.12,Active,2025-01-15,2030-01-15
CARD98717,CUST98720,Visa Gold,20537.7,2446.05,Active,2025-01-15,2030-01-15
CARD98718,CUST98236,Amex Elite,4462.88,1952.39,Active,2025-01-15,2030-01-15
CARD98719,CUST98221,Amex Elite,21134.08,9890.54,Active,2025-01-15,2030-01-15
CARD98720,CUST98484,Mastercard Standard,28414.69,1028.82,Active,2025-01-15,2030-01-15
CARD98721,CUST98643,Amex Elite,16723.22,4231.75,Active,2025-01-15,2030-01-15
CARD98722,CUST98059,Visa Platinum,44311.51,9148.11,Active,2025-01-15,2030-01-15
CARD98723,CUST98407,Mastercard Standard,27142.58,1045.15,Active,2025-01-15,2030-01-15
CARD98724,CUST98995,Amex Elite,48819.24,1566.89,Active,2025-01-15,2030-01-15
CARD98725,CUST98114,Visa Platinum,32634.33,2482.53,Active,2025-01-15,2030-01-15
CARD98726,CUST98696,Mastercard Standard,34563.35,3101.79,Active,2025-01-15,2030-01-15
CARD98727,CUST98546,Amex Elite,16592.49,8735.37,Active,2025-01-15,2030-01-15
CARD98728,CUST98834,Mastercard Standard,19963.56,5967.62,Active,2025-01-15,2030-01-15
CARD98729,CUST98211,Amex Elite,42496.89,8503.95,Active,2025-01-15,2030-01-15
CARD98730,CUST98939,Amex Elite,36486.16,301.98,Active,2025-01-15,2030-01-15
CARD98731,CUST98568,Visa Gold,13822.94,9693.45,Active,2025-01-15,2030-01-15
CARD98732,CUST98772,Amex Elite,29346.61,1116.59,Active,2025-01-15,2030-01-15
CARD98733,CUST98770,Amex Elite,30622.15,3585.04,Active,2025-01-15,2030-01-15
CARD98734,CUST98061,Visa Gold,32634.59,747.89,Active,2025-01-15,2030-01-15
CARD98735,CUST98366,Amex Elite,19039.08,4528.45,Active,2025-01-15,2030-01-15
CARD98736,CUST98377,Mastercard Standard,20437.39,7034.83,Active,2025-01-15,2030-01-15
CARD98737,CUST98733,Amex Elite,19076.02,7062.14,Active,2025-01-15,2030-01-15
CARD98738,CUST98296,Visa Gold,10906.93,536.77,Active,2025-01-15,2030-01-15
CARD98739,CUST98248,Visa Platinum,43596.21,5590.54,Active,2025-01-15,2030-01-15
CARD98740,CUST98717,Mastercard Standard,35359.0,1945.3,Active,2025-01-15,2030-01-15
CARD98741,CUST98542,Visa Platinum,9824.11,8136.86,Active,2025-01-15,2030-01-15
CARD98742,CUST98685,Visa Gold,6254.2,2026.94,Active,2025-01-15,2030-01-15
CARD98743,CUST98317,Visa Gold,45448.61,8252.19,Active,2025-01-15,2030-01-15
CARD98744,CUST98630,Visa Gold,36127.7,4517.76,Active,2025-01-15,2030-01-15
CARD98745,CUST98949,Mastercard Standard,40624.05,925.15,Active,2025-01-15,2030-01-15
CARD98746,CUST98699,Amex Elite,36958.76,502.41,Active,2025-01-15,2030-01-15
CARD98747,CUST98230,Visa Gold,13774.16,5973.54,Active,2025-01-15,2030-01-15
CARD98748,CUST98484,Mastercard Standard,34914.03,6545.6,Active,2025-01-15,2030-01-15
CARD98749,CUST98361,Mastercard Standard,9312.69,280.27,Active,2025-01-15,2030-01-15
CARD98750,CUST98633,Mastercard Standard,22206.08,6931.34,Active,2025-01-15,2030-01-15
CARD98751,CUST98374,Amex Elite,12641.32,4604.87,Active,2025-01-15,2030-01-15
CARD98752,CUST98822,Visa Platinum,11577.58,6193.69,Active,2025-01-15,2030-01-15
CARD98753,CUST98457,Amex Elite,33391.84,2845.09,Active,2025-01-15,2030-01-15
CARD98754,CUST98248,Mastercard Standard,1204.6,794.13,Active,2025-01-15,2030-01-15
CARD98755,CUST98588,Visa Gold,18791.9,3115.83,Active,2025-01-15,2030-01-15
CARD98756,CUST98396,Visa Gold,27090.42,9326.09,Active,2025-01-15,2030-01-15
CARD98757,CUST98151,Visa Platinum,48739.09,6195.45,Active,2025-01-15,2030-01-15
CARD98758,CUST98451,Visa Platinum,49996.71,4607.63,Active,2025-01-15,2030-01-15
CARD98759,CUST98114,Mastercard Standard,15820.37,2773.26,Active,2025-01-15,2030-01-15
CARD98760,CUST98370,Amex Elite,33593.48,4214.39,Active,2025-01-15,2030-01-15
CARD98761,CUST98728,Visa Platinum,10589.16,6935.91,Active,2025-01-15,2030-01-15
CARD98762,CUST98335,Visa Gold,28410.37,2412.54,Active,2025-01-15,2030-01-15
CARD98763,CUST98331,Visa Gold,4059.92,5793.55,Active,2025-01-15,2030-01-15
CARD98764,CUST98514,Amex Elite,41987.12,3050.44,Active,2025-01-15,2030-01-15
CARD98765,CUST98478,Visa Gold,19764.45,3056.46,Active,2025-01-15,2030-01-15
CARD98766,CUST98626,Amex Elite,7744.7,3492.44,Active,2025-01-15,2030-01-15
CARD98767,CUST98366,Amex Elite,21188.91,1266.64,Active,2025-01-15,2030-01-15
CARD98768,CUST98184,Visa Gold,44052.56,980.34,Active,2025-01-15,2030-01-15
CARD98769,CUST98301,Visa Gold,22192.96,8413.26,Active,2025-01-15,2030-01-15
CARD98770,CUST98463,Visa Gold,14325.31,985.34,Active,2025-01-15,2030-01-15
CARD98771,CUST98370,Visa Gold,5158.15,6865.86,Active,2025-01-15,2030-01-15
CARD98772,CUST98528,Visa Gold,13280.78,2916.91,Active,2025-01-15,2030-01-15
CARD98773,CUST98208,Visa Platinum,49615.66,9349.99,Active,2025-01-15,2030-01-15
CARD98774,CUST98336,Visa Platinum,10902.99,3670.58,Active,2025-01-15,2030-01-15
CARD98775,CUST98651,Visa Platinum,4813.14,2454.93,Active,2025-01-15,2030-01-15
CARD98776,CUST98893,Amex Elite,19376.75,5886.84,Active,2025-01-15,2030-01-15
CARD98777,CUST98327,Amex Elite,46867.0,73.69,Active,2025-01-15,2030-01-15
CARD98778,CUST98447,Amex Elite,7858.42,2534.92,Active,2025-01-15,2030-01-15
CARD98779,CUST98248,Visa Gold,39143.88,6833.06,Active,2025-01-15,2030-01-15
CARD98780,CUST98905,Visa Gold,47521.87,8203.98,Active,2025-01-15,2030-01-15
CARD98781,CUST98106,Amex Elite,15076.65,9789.48,Active,2025-01-15,2030-01-15
CARD98782,CUST98282,Mastercard Standard,22773.05,1727.49,Active,2025-01-15,2030-01-15
CARD98783,CUST98287,Visa Gold,8924.44,1724.63,Active,2025-01-15,2030-01-15
CARD98784,CUST98927,Amex Elite,1258.74,4245.99,Active,2025-01-15,2030-01-15
CARD98785,CUST98908,Visa Gold,43686.05,5825.18,Active,2025-01-15,2030-01-15
CARD98786,CUST98210,Mastercard Standard,19763.17,6703.75,Active,2025-01-15,2030-01-15
CARD98787,CUST98482,Visa Gold,38970.59,2953.63,Active,2025-01-15,2030-01-15
CARD98788,CUST98124,Visa Platinum,40377.24,5820.07,Active,2025-01-15,2030-01-15
CARD98789,CUST98158,Visa Gold,40207.74,6106.2,Active,2025-01-15,2030-01-15
CARD98790,CUST98663,Mastercard Standard,5787.73,8843.66,Active,2025-01-15,2030-01-15
CARD98791,CUST98671,Amex Elite,31172.32,3454.99,Active,2025-01-15,2030-01-15
CARD98792,CUST98353,Amex Elite,25916.87,8467.78,Active,2025-01-15,2030-01-15
CARD98793,CUST98963,Visa Gold,31177.6,619.03,Active,2025-01-15,2030-01-15
CARD98794,CUST98574,Amex Elite,44821.81,1424.23,Active,2025-01-15,2030-01-15
CARD98795,CUST98761,Visa Platinum,36138.21,9475.08,Active,2025-01-15,2030-01-15
CARD98796,CUST98924,Visa Gold,43116.79,2438.9,Active,2025-01-15,2030-01-15
CARD98797,CUST98413,Amex Elite,23478.86,6457.51,Active,2025-01-15,2030-01-15
CARD98798,CUST98038,Visa Platinum,1964.0,8817.14,Active,2025-01-15,2030-01-15
CARD98799,CUST98874,Mastercard Standard,4337.29,3522.1,Active,2025-01-15,2030-01-15
CARD98800,CUST98499,Visa Gold,39019.84,9433.85,Active,2025-01-15,2030-01-15
CARD98801,CUST98807,Visa Platinum,6524.78,7484.76,Active,2025-01-15,2030-01-15
CARD98802,CUST98734,Mastercard Standard,15393.44,9055.15,Active,2025-01-15,2030-01-15
CARD98803,CUST98829,Visa Gold,22211.93,6011.89,Active,2025-01-15,2030-01-15
CARD98804,CUST98062,Mastercard Standard,11119.5,6748.53,Active,2025-01-15,2030-01-15
CARD98805,CUST98412,Mastercard Standard,35060.74,1227.64,Active,2025-01-15,2030-01-15
CARD98806,CUST98222,Amex Elite,32475.06,3170.75,Active,2025-01-15,2030-01-15
CARD98807,CUST98770,Amex Elite,11035.68,5841.64,Active,2025-01-15,2030-01-15
CARD98808,CUST98830,Mastercard Standard,39672.04,3521.26,Active,2025-01-15,2030-01-15
CARD98809,CUST98992,Visa Gold,25080.28,9581.59,Active,2025-01-15,2030-01-15
CARD98810,CUST98670,Visa Platinum,45314.34,1536.45,Active,2025-01-15,2030-01-15
CARD98811,CUST98033,Mastercard Standard,16823.3,2309.12,Active,2025-01-15,2030-01-15
CARD98812,CUST98404,Visa Platinum,47049.27,2646.09,Active,2025-01-15,2030-01-15
CARD98813,CUST98663,Amex Elite,40221.74,7494.56,Active,2025-01-15,2030-01-15
CARD98814,CUST98652,Amex Elite,15099.67,4446.47,Active,2025-01-15,2030-01-15
CARD98815,CUST98047,Visa Gold,9191.09,1612.09,Active,2025-01-15,2030-01-15
CARD98816,CUST98011,Amex Elite,18518.67,8265.23,Active,2025-01-15,2030-01-15
CARD98817,CUST98353,Visa Platinum,46762.4,3692.06,Active,2025-01-15,2030-01-15
CARD98818,CUST98162,Mastercard Standard,45987.04,6743.12,Active,2025-01-15,2030-01-15
CARD98819,CUST98799,Amex Elite,6837.03,8185.93,Active,2025-01-15,2030-01-15
CARD98820,CUST98510,Visa Platinum,33291.3,7378.82,Active,2025-01-15,2030-01-15
CARD98821,CUST98514,Amex Elite,9772.21,3454.41,Active,2025-01-15,2030-01-15
CARD98822,CUST98592,Visa Platinum,38684.88,5718.13,Active,2025-01-15,2030-01-15
CARD98823,CUST98574,Amex Elite,23970.59,9941.18,Active,2025-01-15,2030-01-15
CARD98824,CUST98929,Mastercard Standard,40541.66,8867.23,Active,2025-01-15,2030-01-15
CARD98825,CUST98232,Amex Elite,46874.88,2523.87,Active,2025-01-15,2030-01-15
CARD98826,CUST98802,Amex Elite,35765.61,6037.08,Active,2025-01-15,2030-01-15
CARD98827,CUST98608,Visa Gold,30298.82,1082.55,Active,2025-01-15,2030-01-15
CARD98828,CUST98991,Visa Platinum,49422.57,7910.13,Active,2025-01-15,2030-01-15
CARD98829,CUST98486,Amex Elite,13971.86,1857.74,Active,2025-01-15,2030-01-15
CARD98830,CUST98554,Amex Elite,41956.86,7603.18,Active,2025-01-15,2030-01-15
CARD98831,CUST98148,Amex Elite,6502.48,7602.6,Active,2025-01-15,2030-01-15
CARD98832,CUST98669,Amex Elite,49278.65,1723.33,Active,2025-01-15,2030-01-15
CARD98833,CUST98752,Visa Platinum,8569.55,7208.02,Active,2025-01-15,2030-01-15
CARD98834,CUST98620,Visa Platinum,49921.28,5339.38,Active,2025-01-15,2030-01-15
CARD98835,CUST98427,Mastercard Standard,3574.69,8818.58,Active,2025-01-15,2030-01-15
CARD98836,CUST98064,Visa Gold,1976.61,6681.15,Active,2025-01-15,2030-01-15
CARD98837,CUST98037,Mastercard Standard,44205.15,5068.88,Active,2025-01-15,2030-01-15
CARD98838,CUST98157,Visa Gold,3204.65,1939.61,Active,2025-01-15,2030-01-15
CARD98839,CUST98380,Visa Platinum,44417.5,2048.27,Active,2025-01-15,2030-01-15
CARD98840,CUST98885,Amex Elite,36358.02,230.86,Active,2025-01-15,2030-01-15
CARD98841,CUST98460,Amex Elite,7518.58,3428.56,Active,2025-01-15,2030-01-15
CARD98842,CUST98719,Visa Platinum,20114.14,7314.09,Active,2025-01-15,2030-01-15
CARD98843,CUST98432,Visa Platinum,23684.21,4798.8,Active,2025-01-15,2030-01-15
CARD98844,CUST98817,Mastercard Standard,19731.32,9780.07,Active,2025-01-15,2030-01-15
CARD98845,CUST98857,Mastercard Standard,34294.31,2212.56,Active,2025-01-15,2030-01-15
CARD98846,CUST98376,Visa Platinum,49723.67,4247.37,Active,2025-01-15,2030-01-15
CARD98847,CUST98864,Amex Elite,1739.78,5663.78,Active,2025-01-15,2030-01-15
CARD98848,CUST98072,Amex Elite,4669.83,841.32,Active,2025-01-15,2030-01-15
CARD98849,CUST98233,Mastercard Standard,22325.82,2485.03,Active,2025-01-15,2030-01-15
CARD98850,CUST98527,Visa Platinum,41561.45,2881.38,Active,2025-01-15,2030-01-15
CARD98851,CUST98901,Mastercard Standard,5951.97,6439.57,Active,2025-01-15,2030-01-15
CARD98852,CUST98802,Visa Platinum,15487.47,4622.99,Active,2025-01-15,2030-01-15
CARD98853,CUST98860,Amex Elite,32660.1,6838.03,Active,2025-01-15,2030-01-15
CARD98854,CUST98848,Mastercard Standard,4059.55,7249.27,Active,2025-01-15,2030-01-15
CARD98855,CUST98349,Amex Elite,16998.52,2731.05,Active,2025-01-15,2030-01-15
CARD98856,CUST98366,Mastercard Standard,11360.98,80.56,Active,2025-01-15,2030-01-15
CARD98857,CUST98532,Visa Platinum,27540.17,1118.6,Active,2025-01-15,2030-01-15
CARD98858,CUST98206,Visa Gold,39577.27,6300.86,Active,2025-01-15,2030-01-15
CARD98859,CUST98054,Amex Elite,32962.07,7119.27,Active,2025-01-15,2030-01-15
CARD98860,CUST98094,Visa Platinum,41592.42,8448.11,Active,2025-01-15,2030-01-15
CARD98861,CUST98574,Amex Elite,22514.99,3005.15,Active,2025-01-15,2030-01-15
CARD98862,CUST98197,Visa Gold,12614.74,6845.16,Active,2025-01-15,2030-01-15
CARD98863,CUST98903,Mastercard Standard,11197.17,662.11,Active,2025-01-15,2030-01-15
CARD98864,CUST98895,Amex Elite,12713.5,7201.85,Active,2025-01-15,2030-01-15
CARD98865,CUST98147,Visa Gold,13234.85,9139.3,Active,2025-01-15,2030-01-15
CARD98866,CUST98307,Amex Elite,33855.91,65.17,Active,2025-01-15,2030-01-15
CARD98867,CUST98932,Amex Elite,46871.58,4895.41,Active,2025-01-15,2030-01-15
CARD98868,CUST98302,Mastercard Standard,4515.72,3310.83,Active,2025-01-15,2030-01-15
CARD98869,CUST98620,Mastercard Standard,16913.62,6778.07,Active,2025-01-15,2030-01-15
CARD98870,CUST98077,Amex Elite,3194.57,9862.9,Active,2025-01-15,2030-01-15
CARD98871,CUST98676,Mastercard Standard,4625.94,6084.57,Active,2025-01-15,2030-01-15
CARD98872,CUST98291,Amex Elite,25887.17,7217.98,Active,2025-01-15,2030-01-15
CARD98873,CUST98509,Amex Elite,27080.49,7258.71,Active,2025-01-15,2030-01-15
CARD98874,CUST98791,Visa Gold,25830.85,1222.79,Active,2025-01-15,2030-01-15
CARD98875,CUST98414,Amex Elite,25014.93,1372.93,Active,2025-01-15,2030-01-15
CARD98876,CUST98401,Mastercard Standard,6391.1,5102.6,Active,2025-01-15,2030-01-15
CARD98877,CUST98154,Visa Gold,9606.92,8093.35,Active,2025-01-15,2030-01-15
CARD98878,CUST98471,Mastercard Standard,7915.3,3043.15,Active,2025-01-15,2030-01-15
CARD98879,CUST98098,Visa Platinum,37480.4,6991.63,Active,2025-01-15,2030-01-15
CARD98880,CUST98242,Mastercard Standard,20369.49,939.57,Active,2025-01-15,2030-01-15
CARD98881,CUST98842,Amex Elite,3031.57,9860.23,Active,2025-01-15,2030-01-15
CARD98882,CUST98970,Visa Gold,28795.04,7576.26,Active,2025-01-15,2030-01-15
CARD98883,CUST98148,Visa Platinum,29226.33,7890.68,Active,2025-01-15,2030-01-15
CARD98884,CUST98046,Amex Elite,30978.17,9977.21,Active,2025-01-15,2030-01-15
CARD98885,CUST98677,Visa Platinum,37623.71,6096.44,Active,2025-01-15,2030-01-15
CARD98886,CUST98804,Visa Gold,7655.29,5596.03,Active,2025-01-15,2030-01-15
CARD98887,CUST98864,Mastercard Standard,6615.18,588.28,Active,2025-01-15,2030-01-15
CARD98888,CUST98999,Visa Gold,33790.46,2617.45,Active,2025-01-15,2030-01-15
CARD98889,CUST98938,Visa Gold,7488.66,8097.48,Active,2025-01-15,2030-01-15
CARD98890,CUST98580,Mastercard Standard,28116.99,2946.4,Active,2025-01-15,2030-01-15
CARD98891,CUST98030,Mastercard Standard,36250.94,5574.58,Active,2025-01-15,2030-01-15
CARD98892,CUST98639,Visa Platinum,13602.81,6736.42,Active,2025-01-15,2030-01-15
CARD98893,CUST98253,Visa Gold,20751.18,1473.0,Active,2025-01-15,2030-01-15
CARD98894,CUST98513,Visa Gold,18084.55,908.87,Active,2025-01-15,2030-01-15
CARD98895,CUST98136,Amex Elite,22320.81,3250.84,Active,2025-01-15,2030-01-15
CARD98896,CUST98979,Mastercard Standard,35997.53,1449.76,Active,2025-01-15,2030-01-15
CARD98897,CUST98558,Amex Elite,17891.57,8916.8,Active,2025-01-15,2030-01-15
CARD98898,CUST98102,Visa Gold,8538.95,2312.25,Active,2025-01-15,2030-01-15
CARD98899,CUST98192,Visa Platinum,12124.51,3193.82,Active,2025-01-15,2030-01-15
CARD98900,CUST98745,Visa Gold,2389.93,8556.2,Active,2025-01-15,2030-01-15
CARD98901,CUST98680,Visa Platinum,38361.75,2587.07,Active,2025-01-15,2030-01-15
CARD98902,CUST98243,Visa Gold,16112.17,1675.01,Active,2025-01-15,2030-01-15
CARD98903,CUST98934,Visa Gold,49275.96,2060.87,Active,2025-01-15,2030-01-15
CARD98904,CUST98553,Visa Gold,17337.12,9247.88,Active,2025-01-15,2030-01-15
CARD98905,CUST98952,Amex Elite,19479.15,5807.08,Active,2025-01-15,2030-01-15
CARD98906,CUST98214,Mastercard Standard,5556.83,2463.44,Active,2025-01-15,2030-01-15
CARD98907,CUST98163,Amex Elite,23027.56,9131.97,Active,2025-01-15,2030-01-15
CARD98908,CUST98401,Visa Platinum,29725.45,1687.73,Active,2025-01-15,2030-01-15
CARD98909,CUST98603,Visa Gold,15319.64,3262.65,Active,2025-01-15,2030-01-15
CARD98910,CUST98383,Visa Platinum,44830.99,9873.98,Active,2025-01-15,2030-01-15
CARD98911,CUST98929,Visa Gold,15005.32,5565.8,Active,2025-01-15,2030-01-15
CARD98912,CUST98821,Mastercard Standard,15268.09,8306.16,Active,2025-01-15,2030-01-15
CARD98913,CUST98604,Amex Elite,20600.65,7683.31,Active,2025-01-15,2030-01-15
CARD98914,CUST98973,Visa Gold,35927.21,6207.79,Active,2025-01-15,2030-01-15
CARD98915,CUST98489,Amex Elite,32386.31,1565.64,Active,2025-01-15,2030-01-15
CARD98916,CUST98847,Visa Gold,4610.68,2115.38,Active,2025-01-15,2030-01-15
CARD98917,CUST98700,Mastercard Standard,19702.74,4411.31,Active,2025-01-15,2030-01-15
CARD98918,CUST98312,Mastercard Standard,24597.5,7529.44,Active,2025-01-15,2030-01-15
CARD98919,CUST98834,Visa Platinum,41673.28,1700.9,Active,2025-01-15,2030-01-15
CARD98920,CUST98149,Visa Gold,47601.18,2765.24,Active,2025-01-15,2030-01-15
CARD98921,CUST98513,Amex Elite,39388.78,7235.86,Active,2025-01-15,2030-01-15
CARD98922,CUST98101,Visa Gold,4072.92,8835.84,Active,2025-01-15,2030-01-15
CARD98923,CUST98443,Visa Gold,38638.31,7822.43,Active,2025-01-15,2030-01-15
CARD98924,CUST98905,Visa Gold,23664.26,7717.31,Active,2025-01-15,2030-01-15
CARD98925,CUST98562,Visa Gold,7130.34,4429.61,Active,2025-01-15,2030-01-15
CARD98926,CUST98081,Visa Gold,42501.2,3798.07,Active,2025-01-15,2030-01-15
CARD98927,CUST98215,Visa Gold,5975.65,4634.41,Active,2025-01-15,2030-01-15
CARD98928,CUST98821,Visa Gold,13562.65,2761.29,Active,2025-01-15,2030-01-15
CARD98929,CUST98679,Visa Platinum,39315.29,6396.27,Active,2025-01-15,2030-01-15
CARD98930,CUST98189,Visa Gold,5721.95,1834.53,Active,2025-01-15,2030-01-15
CARD98931,CUST98551,Amex Elite,28303.57,5842.49,Active,2025-01-15,2030-01-15
CARD98932,CUST98329,Mastercard Standard,30588.94,9622.41,Active,2025-01-15,2030-01-15
CARD98933,CUST98456,Mastercard Standard,29364.71,5974.2,Active,2025-01-15,2030-01-15
CARD98934,CUST98092,Visa Gold,15600.19,5687.65,Active,2025-01-15,2030-01-15
CARD98935,CUST98686,Amex Elite,29912.51,4349.15,Active,2025-01-15,2030-01-15
CARD98936,CUST98025,Amex Elite,22885.71,251.69,Active,2025-01-15,2030-01-15
CARD98937,CUST98556,Visa Gold,48138.51,4529.27,Active,2025-01-15,2030-01-15
CARD98938,CUST98300,Visa Platinum,46022.27,6356.2,Active,2025-01-15,2030-01-15
CARD98939,CUST98234,Visa Gold,13882.04,1098.09,Active,2025-01-15,2030-01-15
CARD98940,CUST98862,Visa Platinum,3440.28,5658.27,Active,2025-01-15,2030-01-15
CARD98941,CUST98463,Mastercard Standard,20829.07,7493.54,Active,2025-01-15,2030-01-15
CARD98942,CUST98227,Visa Platinum,21216.04,7022.67,Active,2025-01-15,2030-01-15
CARD98943,CUST98397,Visa Gold,1815.73,7613.08,Active,2025-01-15,2030-01-15
CARD98944,CUST98942,Mastercard Standard,4788.05,3852.45,Active,2025-01-15,2030-01-15
CARD98945,CUST98909,Visa Gold,40125.93,4533.5,Active,2025-01-15,2030-01-15
CARD98946,CUST98177,Visa Platinum,8439.5,8436.82,Active,2025-01-15,2030-01-15
CARD98947,CUST98678,Visa Gold,28636.43,5500.37,Active,2025-01-15,2030-01-15
CARD98948,CUST98291,Mastercard Standard,43936.74,8306.59,Active,2025-01-15,2030-01-15
CARD98949,CUST98141,Visa Platinum,47453.39,9204.44,Active,2025-01-15,2030-01-15
CARD98950,CUST98858,Amex Elite,19576.5,8728.19,Active,2025-01-15,2030-01-15
CARD98951,CUST98602,Visa Platinum,8087.3,6227.8,Active,2025-01-15,2030-01-15
CARD98952,CUST98514,Mastercard Standard,14358.49,3768.95,Active,2025-01-15,2030-01-15
CARD98953,CUST98965,Amex Elite,47476.22,6891.43,Active,2025-01-15,2030-01-15
CARD98954,CUST98654,Visa Gold,22220.53,4154.71,Active,2025-01-15,2030-01-15
CARD98955,CUST98335,Visa Gold,6694.87,1568.99,Active,2025-01-15,2030-01-15
CARD98956,CUST98064,Visa Gold,39509.67,3991.86,Active,2025-01-15,2030-01-15
CARD98957,CUST98757,Mastercard Standard,31760.77,9348.76,Active,2025-01-15,2030-01-15
CARD98958,CUST98295,Visa Gold,18973.02,9169.19,Active,2025-01-15,2030-01-15
CARD98959,CUST98362,Mastercard Standard,35541.04,9492.89,Active,2025-01-15,2030-01-15
CARD98960,CUST98036,Mastercard Standard,49147.44,1570.9,Active,2025-01-15,2030-01-15
CARD98961,CUST98501,Visa Platinum,31658.85,783.53,Active,2025-01-15,2030-01-15
CARD98962,CUST98047,Mastercard Standard,29363.22,506.72,Active,2025-01-15,2030-01-15
CARD98963,CUST98736,Visa Gold,18750.59,4939.11,Active,2025-01-15,2030-01-15
CARD98964,CUST98523,Amex Elite,34819.38,5450.01,Active,2025-01-15,2030-01-15
CARD98965,CUST98076,Visa Platinum,16451.97,9077.96,Active,2025-01-15,2030-01-15
CARD98966,CUST98048,Amex Elite,44715.62,8705.51,Active,2025-01-15,2030-01-15
CARD98967,CUST98720,Mastercard Standard,34640.91,2033.37,Active,2025-01-15,2030-01-15
CARD98968,CUST98130,Amex Elite,25073.91,5453.81,Active,2025-01-15,2030-01-15
CARD98969,CUST98284,Mastercard Standard,22682.16,4476.13,Active,2025-01-15,2030-01-15
CARD98970,CUST98273,Mastercard Standard,5556.79,8926.61,Active,2025-01-15,2030-01-15
CARD98971,CUST98459,Visa Gold,44727.53,4986.99,Active,2025-01-15,2030-01-15
CARD98972,CUST98011,Visa Gold,37038.68,6700.01,Active,2025-01-15,2030-01-15
CARD98973,CUST98265,Amex Elite,3918.5,652.43,Active,2025-01-15,2030-01-15
CARD98974,CUST98623,Visa Platinum,47013.41,5423.75,Active,2025-01-15,2030-01-15
CARD98975,CUST98436,Visa Gold,24916.61,4949.84,Active,2025-01-15,2030-01-15
CARD98976,CUST98361,Amex Elite,27207.08,6858.18,Active,2025-01-15,2030-01-15
CARD98977,CUST98382,Amex Elite,15958.46,5454.88,Active,2025-01-15,2030-01-15
CARD98978,CUST98809,Visa Platinum,44126.57,6839.25,Active,2025-01-15,2030-01-15
CARD98979,CUST98288,Mastercard Standard,43275.67,7729.3,Active,2025-01-15,2030-01-15
CARD98980,CUST98019,Visa Gold,31628.54,1861.96,Active,2025-01-15,2030-01-15
CARD98981,CUST98630,Mastercard Standard,40420.79,5941.3,Active,2025-01-15,2030-01-15
CARD98982,CUST98699,Mastercard Standard,27846.95,7734.06,Active,2025-01-15,2030-01-15
CARD98983,CUST98145,Visa Gold,15352.5,8891.58,Active,2025-01-15,2030-01-15
CARD98984,CUST98374,Amex Elite,10090.32,494.04,Active,2025-01-15,2030-01-15
CARD98985,CUST98231,Visa Gold,22208.87,9536.35,Active,2025-01-15,2030-01-15
CARD98986,CUST98087,Visa Platinum,30764.63,2196.73,Active,2025-01-15,2030-01-15
CARD98987,CUST98811,Amex Elite,10051.14,4962.79,Active,2025-01-15,2030-01-15
CARD98988,CUST98203,Visa Platinum,14843.61,5469.22,Active,2025-01-15,2030-01-15
CARD98989,CUST98392,Visa Platinum,16004.79,5544.26,Active,2025-01-15,2030-01-15
CARD98990,CUST98217,Visa Gold,5537.02,4981.69,Active,2025-01-15,2030-01-15
CARD98991,CUST98248,Visa Platinum,23347.82,615.25,Active,2025-01-15,2030-01-15
CARD98992,CUST98075,Visa Gold,32271.72,8408.26,Active,2025-01-15,2030-01-15
CARD98993,CUST98838,Visa Gold,13499.03,9003.18,Active,2025-01-15,2030-01-15
CARD98994,CUST98309,Visa Gold,25440.52,5072.43,Active,2025-01-15,2030-01-15
CARD98995,CUST98788,Visa Platinum,19581.55,9854.89,Active,2025-01-15,2030-01-15
CARD98996,CUST98586,Mastercard Standard,17221.99,169.57,Active,2025-01-15,2030-01-15
CARD98997,CUST98238,Amex Elite,22269.34,4663.12,Active,2025-01-15,2030-01-15
CARD98998,CUST98109,Visa Platinum,29074.6,6782.56,Active,2025-01-15,2030-01-15
CARD98999,CUST981001,Visa Platinum,42071.13,5824.14,Active,2025-01-15,2030-01-15
CARD981000,CUST98100,Mastercard Standard,34287.22,6624.89,Active,2025-01-15,2030-01-15
